"id";"COMPOSIZIONE";"cl";"SEL";"ncol";"ccol";"nart";"Descrizione";"Collezione";"PRE";"PREC";"PRO";"PROC";"VEND";"VENDC";"LANC";"CONQ";"VA";"PIU";"DAOF";"FIL";"COL";"LF";"CQF";"VAS";"DAORDFINALE";"query per fronitore_PF";"MAGCF";"MAGC";"CLIENTE1";"ORDINE1";"CLIENTE2";"ORDINE2";"CLIENTE3";"ORDINE3";"CLIENTE4";"ORDINE4";"ORDTOT";"CARICA";"ORD";"ORM";"ORS";"RES";"OT";"SommaDiDAARR";"CARICAF";"ORDF";"ORMF";"ORSF";"RESF";"OTF";"DAARF";"clie";"Espr1";"cl2";"DAARFORN";"OTFORN";"CARICAFORN";"PV";"PPRO";"PPRE";"pv1";"ppre1"
"A5.FAC.006.B06MMFNC";"70%WO + 30%WS";"KALIQUE-CN";-1;8832547;"A5.FAC.006.B06";8832544;"70%wo 30%ws nm2/26";"MMFNC";855,02;1962,00;855,02;1962,00;855,02;1962,00;;;;0,00;856,02;"A5.FAC.006";"B06";0,00;0,00;0,00;3372,28;0,00;0,00;;;;;;;;;;;;0,00;0,00;0,00;0,00;0,00;;;;;;;;;;;"KALIQUE-CN";;;;830,11;830,11;830,11;830,11;830,11
"A5.FAC.006.EA3MMFNC";"70%WO + 30%WS";"KALIQUE-CN";-1;8832552;"A5.FAC.006.EA3";8832544;"70%wo 30%ws nm2/26";"MMFNC";1374,14;2112,00;1374,14;2112,00;1374,14;2112,00;;;;0,00;1375,14;"A5.FAC.006";"EA3";0,00;0,00;0,00;3372,28;0,00;0,00;;;;;;;;;;;;0,00;0,00;0,00;0,00;0,00;;;;;;;;;;;"KALIQUE-CN";;;;98,75;98,75;98,75;98,75;98,75
"A5.FAC.006.K25MMFNC";"70%WO + 30%WS";"KALIQUE-CN";-1;8832564;"A5.FAC.006.K25";8832544;"70%wo 30%ws nm2/26";"MMFNC";521,39;802,00;521,39;802,00;521,39;802,00;;;;0,00;522,39;"A5.FAC.006";"K25";0,00;0,00;0,00;3372,28;0,00;0,00;;;;;;;;;;;;0,00;0,00;0,00;0,00;0,00;;;;;;;;;;;"KALIQUE-CN";;;;123,24;123,24;123,24;123,24;123,24
"A5.FAC.006.M67MMFNC";"70%WO + 30%WS";"KALIQUE-CN";-1;8905113;"A5.FAC.006.M67";8832544;"70%wo 30%ws nm2/26";"MMFNC";607,37;1145,00;607,37;1145,00;607,37;1145,00;;;;0,00;608,37;"A5.FAC.006";"M67";0,00;0,00;0,00;3372,28;0,00;0,00;;;;;;;;;;;;0,00;0,00;0,00;0,00;0,00;;;;;;;;;;;"KALIQUE-CN";;;;57,58;57,58;57,58;57,58;57,58
"A5.FAC.006.N99MMFNC";"70%WO + 30%WS";"KALIQUE-CN";-1;8832570;"A5.FAC.006.N99";8832544;"70%wo 30%ws nm2/26";"MMFNC";9,35;1513,00;9,35;1513,00;9,35;1513,00;;;;0,00;10,35;"A5.FAC.006";"N99";0,00;0,00;0,00;3372,28;0,00;0,00;;;;;;;;;;;;0,00;0,00;0,00;0,00;0,00;;;;;;;;;;;"KALIQUE-CN";;;;9,07;9,07;9,07;9,07;9,07
"A5.FAC.007.N99MIBNC";"67%PA + 33%MZ";"SHI-KWAN";-1;8833474;"A5.FAC.007.N99";8833471;"Stardust nm1/200";"MIBNC";11,24;350,00;11,24;350,00;11,24;350,00;;;;0,00;12,24;"A5.FAC.007";"N99";0,00;0,00;0,00;13,56;0,00;0,00;;;;;;;;;;;;0,00;0,00;0,00;0,00;0,00;;;;;;;;;;;"SHI-KWAN";210,00;410,00;206,30;;;;;
"A5.FAC.007.NG2MIBNC";"67%PA + 33%MZ";"SHI-KWAN";-1;8833475;"A5.FAC.007.NG2";8833471;"Stardust nm1/200";"MIBNC";0,31;10,00;0,31;10,00;0,31;10,00;;;;0,00;1,31;"A5.FAC.007";"NG2";0,00;0,00;0,00;13,56;0,00;0,00;;;;;;;;;;;;0,00;0,00;0,00;0,00;0,00;;;;;;;;;;;"SHI-KWAN";210,00;410,00;206,30;;;;;
"A5.FAC.010.B12MIBNC";"70%WO + 30%SE";"GIADAFASHION";-1;8833477;"A5.FAC.010.B12";8833476;"70%wo 30%se nm2/60";"MIBNC";9,72;66,00;9,72;66,00;9,72;66,00;;;;0,00;10,72;"A5.FAC.010";"B12";0,00;0,00;0,00;10,72;0,00;0,00;;;;;;;;;;;;0,00;0,00;0,00;0,00;0,00;;;;;;;;;;;"GIADAFASHION";;;;;;;;
"A5.FAC.011.N99MORNC";"65%PL + 35%MZ";"SIGN";-1;8853326;"A5.FAC.011.N99";8845371;"Lurex nm1/120";"MORNC";0,99;121,00;0,90;110,00;0,59;72,00;;;;0,00;1,90;"A5.FAC.011";"N99";0,00;0,00;0,00;4,62;0,00;0,00;;;;;;;;;;;;0,00;0,00;0,00;0,00;0,00;;;;;;;;;;;"SIGN";;;;;;;;
"A5.FAC.011.NE8MORNC";"65%PL + 35%MZ";"SIGN";-1;8845372;"A5.FAC.011.NE8";8845371;"Lurex nm1/120";"MORNC";1,77;233,00;1,72;226,00;1,27;167,00;;;;0,00;2,72;"A5.FAC.011";"NE8";0,00;0,00;0,00;4,62;0,00;0,00;;;;;;;;;;;;0,00;0,00;0,00;0,00;0,00;;;;;;;;;;;"SIGN";;;;;;;;
"A5.FAC.015.B20MORNC";"100%VI";"CHONGFU";-1;8841953;"A5.FAC.015.B20";8841952;"Viscose nm2/30";"MORNC";95,11;506,00;88,50;473,00;68,99;366,00;;;;0,00;89,50;"A5.FAC.015";"B20";0,00;0,00;0,00;551,90;0,00;0,00;;;;;;;;;;;;0,00;0,00;0,00;0,00;0,00;;;;;;;;;;;"CHONGFU";;;;;;;;
"A5.FAC.015.M23MORNC";"100%VI";"CHONGFU";-1;8841954;"A5.FAC.015.M23";8841952;"Viscose nm2/30";"MORNC";305,85;1570,00;272,58;1398,00;205,96;1052,00;;;;0,00;273,58;"A5.FAC.015";"M23";0,00;0,00;0,00;551,90;0,00;0,00;;;;;;;;;;;;0,00;0,00;0,00;0,00;0,00;;;;;;;;;;;"CHONGFU";;;;;;;;
"A5.FAC.015.N99MORNC";"100%VI";"CHONGFU";-1;8903813;"A5.FAC.015.N99";8841952;"Viscose nm2/30";"MORNC";17,42;89,00;17,62;91,00;13,38;69,00;;;;0,00;18,62;"A5.FAC.015";"N99";0,00;0,00;0,00;551,90;0,00;0,00;;;;;;;;;;;;0,00;0,00;0,00;0,00;0,00;;;;;;;;;;;"CHONGFU";;;;;;;;
"A5.FAC.015.RB7MORNC";"100%VI";"CHONGFU";-1;8903814;"A5.FAC.015.RB7";8841952;"Viscose nm2/30";"MORNC";42,30;221,00;43,83;229,00;37,48;189,00;;;;0,00;44,83;"A5.FAC.015";"RB7";0,00;0,00;0,00;551,90;0,00;0,00;;;;;;;;;;;;0,00;0,00;0,00;0,00;0,00;;;;;;;;;;;"CHONGFU";;;;;;;;
"A5.FAC.015.UD1MORNC";"100%VI";"CHONGFU";-1;8903815;"A5.FAC.015.UD1";8841952;"Viscose nm2/30";"MORNC";111,84;585,00;105,58;552,00;84,63;440,00;;;;0,00;106,58;"A5.FAC.015";"UD1";0,00;0,00;0,00;551,90;0,00;0,00;;;;;;;;;;;;0,00;0,00;0,00;0,00;0,00;;;;;;;;;;;"CHONGFU";;;;;;;;
"A5.FAC.015.WG4MORNC";"100%VI";"CHONGFU";-1;8903816;"A5.FAC.015.WG4";8841952;"Viscose nm2/30";"MORNC";18,37;91,00;17,76;88,00;13,72;68,00;;;;0,00;18,76;"A5.FAC.015";"WG4";0,00;0,00;0,00;551,90;0,00;0,00;;;;;;;;;;;;0,00;0,00;0,00;0,00;0,00;;;;;;;;;;;"CHONGFU";;;;;;;;
"A5.FAC.026.B20MORNC";"50%WO + 50%CO";"ZHONGDING";-1;8841957;"A5.FAC.026.B20";8841956;"Modern nm 2/30";"MORNC";388,15;582,00;359,69;543,00;250,24;377,00;;;;0,00;360,69;"A5.FAC.026";"B20";0,00;0,00;0,00;2270,12;0,00;0,00;;;;;;;;;;;;0,00;0,00;0,00;0,00;0,00;;;;;;;;;;;"ZHONGDING";;;;;;;;
"A5.FAC.026.BB2MORNC";"50%WO + 50%CO";"ZHONGDING";-1;8841958;"A5.FAC.026.BB2";8841956;"Modern nm 2/30";"MORNC";307,50;1131,00;274,71;1013,00;203,19;748,00;;;;0,00;275,71;"A5.FAC.026";"BB2";0,00;0,00;0,00;2270,12;0,00;0,00;;;;;;;;;;;;0,00;0,00;0,00;0,00;0,00;;;;;;;;;;;"ZHONGDING";;;;;;;;
"A5.FAC.026.EC8MORNC";"50%WO + 50%CO";"ZHONGDING";-1;8841959;"A5.FAC.026.EC8";8841956;"Modern nm 2/30";"MORNC";95,84;184,00;90,51;174,00;58,62;113,00;;;;0,00;91,51;"A5.FAC.026";"EC8";0,00;0,00;0,00;2270,12;0,00;0,00;;;;;;;;;;;;0,00;0,00;0,00;0,00;0,00;;;;;;;;;;;"ZHONGDING";;;;;;;;
"A5.FAC.026.M23MORNC";"50%WO + 50%CO";"ZHONGDING";-1;8841960;"A5.FAC.026.M23";8841956;"Modern nm 2/30";"MORNC";54,16;106,00;48,89;96,00;26,31;52,00;;;;0,00;49,89;"A5.FAC.026";"M23";0,00;0,00;0,00;2270,12;0,00;0,00;;;;;;;;;;;;0,00;0,00;0,00;0,00;0,00;;;;;;;;;;;"ZHONGDING";;;;;;;;
"A5.FAC.026.N45MORNC";"50%WO + 50%CO";"ZHONGDING";-1;8841961;"A5.FAC.026.N45";8841956;"Modern nm 2/30";"MORNC";274,82;432,00;248,36;391,00;166,51;270,00;;;;0,00;249,36;"A5.FAC.026";"N45";0,00;0,00;0,00;2270,12;0,00;0,00;;;;;;;;;;;;0,00;0,00;0,00;0,00;0,00;;;;;;;;;;;"ZHONGDING";;;;;;;;
"A5.FAC.026.RC2MORNC";"50%WO + 50%CO";"ZHONGDING";-1;8841963;"A5.FAC.026.RC2";8841956;"Modern nm 2/30";"MORNC";21,65;1149,00;21,79;1034,00;16,33;764,00;;;;0,00;22,79;"A5.FAC.026";"RC2";0,00;0,00;0,00;2270,12;0,00;0,00;;;;;;;;;;;;0,00;0,00;0,00;0,00;0,00;;;;;;;;;;;"ZHONGDING";;;;;;;;
"A5.FAC.026.UD1MORNC";"50%WO + 50%CO";"ZHONGDING";-1;8841964;"A5.FAC.026.UD1";8841956;"Modern nm 2/30";"MORNC";1081,02;2707,00;966,89;2421,00;691,26;1754,00;;;;0,00;967,89;"A5.FAC.026";"UD1";0,00;0,00;0,00;2270,12;0,00;0,00;;;;;;;;;;;;0,00;0,00;0,00;0,00;0,00;;;;;;;;;;;"ZHONGDING";;;;;;;;
"A5.FAC.026.WG4MORNC";"50%WO + 50%CO";"ZHONGDING";-1;8841965;"A5.FAC.026.WG4";8841956;"Modern nm 2/30";"MORNC";268,86;502,00;251,26;470,00;177,41;333,00;;;;0,00;252,26;"A5.FAC.026";"WG4";0,00;0,00;0,00;2270,12;0,00;0,00;;;;;;;;;;;;0,00;0,00;0,00;0,00;0,00;;;;;;;;;;;"ZHONGDING";;;;;;;;
"A5.FAC.030.B01MIBNC";"55%SE + 45%WO";"WUXIFANCYLTD";-1;8833479;"A5.FAC.030.B01";8833478;"55%SE 45%WO nm2/60";"MIBNC";113,21;798,00;113,21;798,00;113,21;798,00;;;;0,00;114,21;"A5.FAC.030";"B01";0,00;0,00;0,00;1065,68;0,00;0,00;;;;;;;;;;;;0,00;0,00;0,00;0,00;0,00;;;;;;;;;;;"WUXIFANCYLTD";;;;;;;;
"A5.FAC.030.BS4MIBNC";"55%SE + 45%WO";"WUXIFANCYLTD";-1;8833480;"A5.FAC.030.BS4";8833478;"55%SE 45%WO nm2/60";"MIBNC";20,88;145,00;20,88;145,00;20,88;145,00;;;;0,00;21,88;"A5.FAC.030";"BS4";0,00;0,00;0,00;1065,68;0,00;0,00;;;;;;;;;;;;0,00;0,00;0,00;0,00;0,00;;;;;;;;;;;"WUXIFANCYLTD";;;;;;;;
"A5.FAC.030.E69MIBNC";"55%SE + 45%WO";"WUXIFANCYLTD";-1;8833481;"A5.FAC.030.E69";8833478;"55%SE 45%WO nm2/60";"MIBNC";281,02;2108,00;281,02;2108,00;281,02;2108,00;;;;0,00;282,02;"A5.FAC.030";"E69";0,00;0,00;0,00;1065,68;0,00;0,00;;;;;;;;;;;;0,00;0,00;0,00;0,00;0,00;;;;;;;;;;;"WUXIFANCYLTD";;;;26,57;26,57;26,57;26,57;26,57
"A5.FAC.030.EF2MIBNC";"55%SE + 45%WO";"WUXIFANCYLTD";-1;8833482;"A5.FAC.030.EF2";8833478;"55%SE 45%WO nm2/60";"MIBNC";192,29;1399,00;192,29;1399,00;192,29;1399,00;;;;0,00;193,29;"A5.FAC.030";"EF2";0,00;0,00;0,00;1065,68;0,00;0,00;;;;;;;;;;;;0,00;0,00;0,00;0,00;0,00;;;;;;;;;;;"WUXIFANCYLTD";;;;186,69;186,69;186,69;186,69;186,69
"A5.FAC.030.I32MIBNC";"55%SE + 45%WO";"WUXIFANCYLTD";-1;8833483;"A5.FAC.030.I32";8833478;"55%SE 45%WO nm2/60";"MIBNC";31,79;253,00;31,79;253,00;31,79;253,00;;;;0,00;32,79;"A5.FAC.030";"I32";0,00;0,00;0,00;1065,68;0,00;0,00;;;;;;;;;;;;0,00;0,00;0,00;0,00;0,00;;;;;;;;;;;"WUXIFANCYLTD";;;;30,86;30,86;30,86;30,86;30,86
"A5.FAC.030.N99MIBNC";"55%SE + 45%WO";"WUXIFANCYLTD";-1;8833484;"A5.FAC.030.N99";8833478;"55%SE 45%WO nm2/60";"MIBNC";126,88;881,00;126,88;881,00;126,88;881,00;;;;0,00;127,88;"A5.FAC.030";"N99";0,00;0,00;0,00;1065,68;0,00;0,00;;;;;;;;;;;;0,00;0,00;0,00;0,00;0,00;;;;;;;;;;;"WUXIFANCYLTD";;;;;;;;
"A5.FAC.030.NG2MIBNC";"55%SE + 45%WO";"WUXIFANCYLTD";-1;8833485;"A5.FAC.030.NG2";8833478;"55%SE 45%WO nm2/60";"MIBNC";29,67;210,00;29,67;210,00;29,67;210,00;;;;0,00;30,67;"A5.FAC.030";"NG2";0,00;0,00;0,00;1065,68;0,00;0,00;;;;;;;;;;;;0,00;0,00;0,00;0,00;0,00;;;;;;;;;;;"WUXIFANCYLTD";;;;;;;;
"A5.FAC.030.TC2MIBNC";"55%SE + 45%WO";"WUXIFANCYLTD";-1;8833486;"A5.FAC.030.TC2";8833478;"55%SE 45%WO nm2/60";"MIBNC";16,52;123,00;16,52;123,00;16,52;123,00;;;;0,00;17,52;"A5.FAC.030";"TC2";0,00;0,00;0,00;1065,68;0,00;0,00;;;;;;;;;;;;0,00;0,00;0,00;0,00;0,00;;;;;;;;;;;"WUXIFANCYLTD";;;;16,04;16,04;16,04;16,04;16,04
"A5.FAC.030.U45MIBNC";"55%SE + 45%WO";"WUXIFANCYLTD";-1;8833487;"A5.FAC.030.U45";8833478;"55%SE 45%WO nm2/60";"MIBNC";244,39;2090,00;244,39;2090,00;244,39;2090,00;;;;0,00;245,39;"A5.FAC.030";"U45";0,00;0,00;0,00;1065,68;0,00;0,00;;;;;;;;;;;;0,00;0,00;0,00;0,00;0,00;;;;;;;;;;;"WUXIFANCYLTD";;;;237,27;237,27;237,27;237,27;237,27
"A5.FAC.031.E69MIBNC";"55%SE + 45%WO";"WUXIFANCYLTD";-1;8883576;"A5.FAC.031.E69";8833488;"55%SE 45%WO nm2/60 + sequins";"MIBNC";67,60;326,00;67,60;326,00;67,60;326,00;;;;0,00;68,60;"A5.FAC.031";"E69";0,00;0,00;0,00;745,30;0,00;0,00;;;;;;;;;;;;0,00;0,00;0,00;0,00;0,00;;;;;;;;;;;"WUXIFANCYLTD";;;;65,63;65,63;65,63;65,63;65,63
"A5.FAC.031.I32MIBNC";"55%SE + 45%WO";"WUXIFANCYLTD";-1;8833489;"A5.FAC.031.I32";8833488;"55%SE 45%WO nm2/60 + sequins";"MIBNC";90,29;456,00;90,29;456,00;90,29;456,00;;;;0,00;91,29;"A5.FAC.031";"I32";0,00;0,00;0,00;745,30;0,00;0,00;;;;;;;;;;;;0,00;0,00;0,00;0,00;0,00;;;;;;;;;;;"WUXIFANCYLTD";;;;87,66;87,66;87,66;87,66;87,66
"A5.FAC.031.N99MIBNC";"55%SE + 45%WO";"WUXIFANCYLTD";-1;8883577;"A5.FAC.031.N99";8833488;"55%SE 45%WO nm2/60 + sequins";"MIBNC";91,55;483,00;91,55;483,00;91,55;483,00;;;;0,00;92,55;"A5.FAC.031";"N99";0,00;0,00;0,00;745,30;0,00;0,00;;;;;;;;;;;;0,00;0,00;0,00;0,00;0,00;;;;;;;;;;;"WUXIFANCYLTD";;;;;;;;
"A5.FAC.031.NG2MIBNC";"55%SE + 45%WO";"WUXIFANCYLTD";-1;8833490;"A5.FAC.031.NG2";8833488;"55%SE 45%WO nm2/60 + sequins";"MIBNC";87,23;454,00;87,23;454,00;87,23;454,00;;;;0,00;88,23;"A5.FAC.031";"NG2";0,00;0,00;0,00;745,30;0,00;0,00;;;;;;;;;;;;0,00;0,00;0,00;0,00;0,00;;;;;;;;;;;"WUXIFANCYLTD";;;;;;;;
"A5.FAC.031.TC2MIBNC";"55%SE + 45%WO";"WUXIFANCYLTD";-1;8833491;"A5.FAC.031.TC2";8833488;"55%SE 45%WO nm2/60 + sequins";"MIBNC";355,37;1788,00;355,37;1788,00;355,37;1788,00;;;;0,00;356,37;"A5.FAC.031";"TC2";0,00;0,00;0,00;745,30;0,00;0,00;;;;;;;;;;;;0,00;0,00;0,00;0,00;0,00;;;;;;;;;;;"WUXIFANCYLTD";;;;345,02;345,02;345,02;345,02;345,02
"A5.FAC.031.U45MIBNC";"55%SE + 45%WO";"WUXIFANCYLTD";-1;8883578;"A5.FAC.031.U45";8833488;"55%SE 45%WO nm2/60 + sequins";"MIBNC";47,23;227,00;47,23;227,00;47,23;227,00;;;;0,00;48,23;"A5.FAC.031";"U45";0,00;0,00;0,00;745,30;0,00;0,00;;;;;;;;;;;;0,00;0,00;0,00;0,00;0,00;;;;;;;;;;;"WUXIFANCYLTD";;;;45,85;45,85;45,85;45,85;45,85
"A5.FAC.043.B04MA1NC";"100%WO";"GIADAFASHION";-1;8823332;"A5.FAC.043.B04";8823331;"100%wo nm4/200 + sequins";"MA1NC";11,24;59,00;10,09;53,00;8,19;43,00;;;;0,00;11,09;"A5.FAC.043";"B04";0,00;0,00;0,00;77,64;0,00;0,00;;;;;;;;;;;;0,00;0,00;0,00;0,00;0,00;;;;;;;;;;;"GIADAFASHION";;;;;;;;
"A5.FAC.043.N11MA1NC";"100%WO";"GIADAFASHION";-1;8823337;"A5.FAC.043.N11";8823331;"100%wo nm4/200 + sequins";"MA1NC";69,36;364,00;65,54;344,00;56,02;294,00;;;;0,00;66,54;"A5.FAC.043";"N11";0,00;0,00;0,00;77,64;0,00;0,00;;;;;;;;;;;;0,00;0,00;0,00;0,00;0,00;;;;;;;;;;;"GIADAFASHION";;;;;;;;
"A5.FAC.045.BB2MORNC";"80%VI + 20%PA";"WINNING";-1;8841967;"A5.FAC.045.BB2";8841966;"Natalie Bright nm1/30";"MORNC";77,00;457,00;70,55;418,00;46,64;276,00;;;;0,00;71,55;"A5.FAC.045";"BB2";0,00;0,00;0,00;109,84;0,00;0,00;;;;;;;;;;;;0,00;0,00;0,00;0,00;0,00;;;;;;;;;;;"WINNING";;;;;;;;
"A5.FAC.045.UD1MORNC";"80%VI + 20%PA";"WINNING";-1;8841971;"A5.FAC.045.UD1";8841966;"Natalie Bright nm1/30";"MORNC";17,85;107,00;16,35;98,00;9,01;54,00;;;;0,00;17,35;"A5.FAC.045";"UD1";0,00;0,00;0,00;109,84;0,00;0,00;;;;;;;;;;;;0,00;0,00;0,00;0,00;0,00;;;;;;;;;;;"WINNING";;;;;;;;
"A5.FAC.045.WG4MORNC";"80%VI + 20%PA";"WINNING";-1;8841972;"A5.FAC.045.WG4";8841966;"Natalie Bright nm1/30";"MORNC";21,68;112,00;19,94;103,00;13,94;72,00;;;;0,00;20,94;"A5.FAC.045";"WG4";0,00;0,00;0,00;109,84;0,00;0,00;;;;;;;;;;;;0,00;0,00;0,00;0,00;0,00;;;;;;;;;;;"WINNING";;;;;;;;
"A5.FAC.048.B34IBLNC";"47%WO + 38%VI + 10%PA + 5%WS";"ZHONGDING";-1;8844910;"A5.FAC.048.B34";8844909;"Freedom 2/28nm";"IBLNC";321,65;1036,00;314,64;1016,00;236,34;756,00;;;;0,00;315,64;"A5.FAC.048";"B34";0,00;0,00;0,00;2311,51;0,00;0,00;;;;;;;;;;;;0,00;0,00;0,00;0,00;0,00;;;;;;;;;;;"ZHONGDING";;;;;;;;
"A5.FAC.048.BA2IBLNC";"47%WO + 38%VI + 10%PA + 5%WS";"ZHONGDING";-1;8844911;"A5.FAC.048.BA2";8844909;"Freedom 2/28nm";"IBLNC";140,36;966,00;135,61;929,00;100,96;686,00;;;;0,00;136,61;"A5.FAC.048";"BA2";0,00;0,00;0,00;2311,51;0,00;0,00;;;;;;;;;;;;0,00;0,00;0,00;0,00;0,00;;;;;;;;;;;"ZHONGDING";;;;;;;;
"A5.FAC.048.ED4IBLNC";"47%WO + 38%VI + 10%PA + 5%WS";"ZHONGDING";-1;8844912;"A5.FAC.048.ED4";8844909;"Freedom 2/28nm";"IBLNC";119,03;371,00;120,05;375,00;86,16;270,00;;;;0,00;121,05;"A5.FAC.048";"ED4";0,00;0,00;0,00;2311,51;0,00;0,00;;;;;;;;;;;;0,00;0,00;0,00;0,00;0,00;;;;;;;;;;;"ZHONGDING";;;;;;;;
"A5.FAC.048.G49IBLNC";"47%WO + 38%VI + 10%PA + 5%WS";"ZHONGDING";-1;8844913;"A5.FAC.048.G49";8844909;"Freedom 2/28nm";"IBLNC";38,32;125,00;40,26;130,00;29,94;98,00;;;;0,00;41,26;"A5.FAC.048";"G49";0,00;0,00;0,00;2311,51;0,00;0,00;;;;;;;;;;;;0,00;0,00;0,00;0,00;0,00;;;;;;;;;;;"ZHONGDING";;;;;;;;
"A5.FAC.048.MB0IBLNC";"47%WO + 38%VI + 10%PA + 5%WS";"ZHONGDING";-1;8844914;"A5.FAC.048.MB0";8844909;"Freedom 2/28nm";"IBLNC";284,54;1226,00;271,07;1166,00;190,92;821,00;;;;0,00;272,07;"A5.FAC.048";"MB0";0,00;0,00;0,00;2311,51;0,00;0,00;;;;;;;;;;;;0,00;0,00;0,00;0,00;0,00;;;;;;;;;;;"ZHONGDING";;;;;;;;
"A5.FAC.048.N4DIBLNC";"47%WO + 38%VI + 10%PA + 5%WS";"ZHONGDING";-1;8844915;"A5.FAC.048.N4D";8844909;"Freedom 2/28nm";"IBLNC";496,47;1464,00;476,27;1411,00;340,61;1003,00;;;;0,00;477,27;"A5.FAC.048";"N4D";0,00;0,00;0,00;2311,51;0,00;0,00;;;;;;;;;;;;0,00;0,00;0,00;0,00;0,00;;;;;;;;;;;"ZHONGDING";;;;;;;;
"A5.FAC.048.N99IBLNC";"47%WO + 38%VI + 10%PA + 5%WS";"ZHONGDING";-1;8844916;"A5.FAC.048.N99";8844909;"Freedom 2/28nm";"IBLNC";179,40;634,00;179,18;633,00;126,52;446,00;;;;0,00;180,18;"A5.FAC.048";"N99";0,00;0,00;0,00;2311,51;0,00;0,00;;;;;;;;;;;;0,00;0,00;0,00;0,00;0,00;;;;;;;;;;;"ZHONGDING";;;;;;;;
"A5.FAC.048.R23IBLNC";"47%WO + 38%VI + 10%PA + 5%WS";"ZHONGDING";-1;8844917;"A5.FAC.048.R23";8844909;"Freedom 2/28nm";"IBLNC";61,93;225,00;59,98;218,00;44,61;162,00;;;;0,00;60,98;"A5.FAC.048";"R23";0,00;0,00;0,00;2311,51;0,00;0,00;;;;;;;;;;;;0,00;0,00;0,00;0,00;0,00;;;;;;;;;;;"ZHONGDING";;;;;;;;
"A5.FAC.048.REAIBLNC";"47%WO + 38%VI + 10%PA + 5%WS";"ZHONGDING";-1;8844918;"A5.FAC.048.REA";8844909;"Freedom 2/28nm";"IBLNC";276,20;902,00;265,98;870,00;184,53;601,00;;;;0,00;266,98;"A5.FAC.048";"REA";0,00;0,00;0,00;2311,51;0,00;0,00;;;;;;;;;;;;0,00;0,00;0,00;0,00;0,00;;;;;;;;;;;"ZHONGDING";;;;;;;;
"A5.FAC.048.T20IBLNC";"47%WO + 38%VI + 10%PA + 5%WS";"ZHONGDING";-1;8844919;"A5.FAC.048.T20";8844909;"Freedom 2/28nm";"IBLNC";140,63;417,00;137,44;408,00;96,12;286,00;;;;0,00;138,44;"A5.FAC.048";"T20";0,00;0,00;0,00;2311,51;0,00;0,00;;;;;;;;;;;;0,00;0,00;0,00;0,00;0,00;;;;;;;;;;;"ZHONGDING";;;;;;;;
"A5.FAC.048.UGGIBLNC";"47%WO + 38%VI + 10%PA + 5%WS";"ZHONGDING";-1;8844920;"A5.FAC.048.UGG";8844909;"Freedom 2/28nm";"IBLNC";306,70;995,00;299,99;976,00;216,98;704,00;;;;0,00;300,99;"A5.FAC.048";"UGG";0,00;0,00;0,00;2311,51;0,00;0,00;;;;;;;;;;;;0,00;0,00;0,00;0,00;0,00;;;;;;;;;;;"ZHONGDING";;;;;;;;
"A5.FAC.054.EC0WEPNC";"83%VI + 17%PL";"WINNING";-1;8841976;"A5.FAC.054.EC0";8841973;"Elascose Dull nm 1/32";"WEPNC";1736,31;4111,00;1736,31;4111,00;1736,31;4111,00;;;;0,00;1737,31;"A5.FAC.054";"EC0";0,00;0,00;0,00;5537,55;0,00;0,00;;;;;;;;;;;;0,00;0,00;0,00;0,00;0,00;;;;;;;;;;;"WINNING";;;;1685,73;1685,73;1685,73;1685,73;1685,73
"A5.FAC.054.ED7WEPNC";"83%VI + 17%PL";"WINNING";-1;8841977;"A5.FAC.054.ED7";8841973;"Elascose Dull nm 1/32";"WEPNC";246,40;1869,00;246,40;1869,00;246,40;1869,00;;;;0,00;247,40;"A5.FAC.054";"ED7";0,00;0,00;0,00;5537,55;0,00;0,00;;;;;;;;;;;;0,00;0,00;0,00;0,00;0,00;;;;;;;;;;;"WINNING";;;;239,23;239,23;239,23;239,23;239,23
"A5.FAC.054.MH4WEPNC";"83%VI + 17%PL";"WINNING";-1;8841981;"A5.FAC.054.MH4";8841973;"Elascose Dull nm 1/32";"WEPNC";1699,07;4214,00;1699,07;4214,00;1699,07;4214,00;;;;0,00;1700,07;"A5.FAC.054";"MH4";0,00;0,00;0,00;5537,55;0,00;0,00;;;;;;;;;;;;0,00;0,00;0,00;0,00;0,00;;;;;;;;;;;"WINNING";;;;1649,59;1649,59;1649,59;1649,59;1649,59
"A5.FAC.054.N99WEPNC";"83%VI + 17%PL";"WINNING";-1;8841982;"A5.FAC.054.N99";8841973;"Elascose Dull nm 1/32";"WEPNC";1617,97;5476,00;1617,97;5476,00;1617,97;5476,00;;;;0,00;1618,97;"A5.FAC.054";"N99";0,00;0,00;0,00;5537,55;0,00;0,00;;;;;;;;;;;;0,00;0,00;0,00;0,00;0,00;;;;;;;;;;;"WINNING";;;;1570,84;1570,84;1570,84;1570,84;1570,84
"A5.FAC.054.UD1WEPNC";"83%VI + 17%PL";"WINNING";-1;8841987;"A5.FAC.054.UD1";8841973;"Elascose Dull nm 1/32";"WEPNC";232,78;876,00;232,78;876,00;232,78;876,00;;;;0,00;233,78;"A5.FAC.054";"UD1";0,00;0,00;0,00;5537,55;0,00;0,00;;;;;;;;;;;;0,00;0,00;0,00;0,00;0,00;;;;;;;;;;;"WINNING";;;;;;;;
"A5.FAC.064.B01DIFNC";"100%VI";"DESIGNTEX";-1;9002602;"A5.FAC.064.B01";9002600;"100%Viscose nm2/30";"DIFNC";243,90;800,00;243,90;800,00;243,90;800,00;;;;0,00;244,90;"A5.FAC.064";"B01";0,00;0,00;0,00;2539,50;0,00;0,00;;;;;;;;;;;;0,00;0,00;0,00;0,00;0,00;;;;;;;;;;;"DESIGNTEX";;;;;;;;
"A5.FAC.064.E11DIFNC";"100%VI";"DESIGNTEX";-1;9002605;"A5.FAC.064.E11";9002600;"100%Viscose nm2/30";"DIFNC";243,90;800,00;243,90;800,00;243,90;800,00;;;;0,00;244,90;"A5.FAC.064";"E11";0,00;0,00;0,00;2539,50;0,00;0,00;;;;;;;;;;;;0,00;0,00;0,00;0,00;0,00;;;;;;;;;;;"DESIGNTEX";;;;;;;;
"A5.FAC.064.KF7DIFNC";"100%VI";"DESIGNTEX";-1;9002609;"A5.FAC.064.KF7";9002600;"100%Viscose nm2/30";"DIFNC";243,90;800,00;243,90;800,00;243,90;800,00;;;;0,00;244,90;"A5.FAC.064";"KF7";0,00;0,00;0,00;2539,50;0,00;0,00;;;;;;;;;;;;0,00;0,00;0,00;0,00;0,00;;;;;;;;;;;"DESIGNTEX";;;;;;;;
"A5.FAC.064.N99DIFNC";"100%VI";"DESIGNTEX";-1;9002612;"A5.FAC.064.N99";9002600;"100%Viscose nm2/30";"DIFNC";487,80;1600,00;487,80;1600,00;487,80;1600,00;;;;0,00;488,80;"A5.FAC.064";"N99";0,00;0,00;0,00;2539,50;0,00;0,00;;;;;;;;;;;;0,00;0,00;0,00;0,00;0,00;;;;;;;;;;;"DESIGNTEX";;;;;;;;
"A5.FAC.064.RB6DIFNC";"100%VI";"DESIGNTEX";-1;9002614;"A5.FAC.064.RB6";9002600;"100%Viscose nm2/30";"DIFNC";182,92;600,00;182,92;600,00;182,92;600,00;;;;0,00;183,92;"A5.FAC.064";"RB6";0,00;0,00;0,00;2539,50;0,00;0,00;;;;;;;;;;;;0,00;0,00;0,00;0,00;0,00;;;;;;;;;;;"DESIGNTEX";;;;;;;;
"A5.FAC.064.SE3DIFNC";"100%VI";"DESIGNTEX";-1;9002617;"A5.FAC.064.SE3";9002600;"100%Viscose nm2/30";"DIFNC";213,41;700,00;213,41;700,00;213,41;700,00;;;;0,00;214,41;"A5.FAC.064";"SE3";0,00;0,00;0,00;2539,50;0,00;0,00;;;;;;;;;;;;0,00;0,00;0,00;0,00;0,00;;;;;;;;;;;"DESIGNTEX";;;;;;;;
"A5.FAC.064.U48DIFNC";"100%VI";"DESIGNTEX";-1;9002618;"A5.FAC.064.U48";9002600;"100%Viscose nm2/30";"DIFNC";487,80;1600,00;487,80;1600,00;487,80;1600,00;;;;0,00;488,80;"A5.FAC.064";"U48";0,00;0,00;0,00;2539,50;0,00;0,00;;;;;;;;;;;;0,00;0,00;0,00;0,00;0,00;;;;;;;;;;;"DESIGNTEX";;;;;;;;
"A5.FAC.064.Y79DIFNC";"100%VI";"DESIGNTEX";-1;9002619;"A5.FAC.064.Y79";9002600;"100%Viscose nm2/30";"DIFNC";182,92;600,00;182,92;600,00;182,92;600,00;;;;0,00;183,92;"A5.FAC.064";"Y79";0,00;0,00;0,00;2539,50;0,00;0,00;;;;;;;;;;;;0,00;0,00;0,00;0,00;0,00;;;;;;;;;;;"DESIGNTEX";;;;;;;;
"A5.FAC.064.Z79DIFNC";"100%VI";"DESIGNTEX";-1;9002620;"A5.FAC.064.Z79";9002600;"100%Viscose nm2/30";"DIFNC";243,90;800,00;243,90;800,00;243,90;800,00;;;;0,00;244,90;"A5.FAC.064";"Z79";0,00;0,00;0,00;2539,50;0,00;0,00;;;;;;;;;;;;0,00;0,00;0,00;0,00;0,00;;;;;;;;;;;"DESIGNTEX";;;;;;;;
"A5.FAC.066.B01DIFNC";"53%PL + 19%PC + 19%PA + 5%WO + 4%MZ";"DONGQI";-1;8990152;"A5.FAC.066.B01";8817041;"LIGHT WOOL + LUREX NM 1/18.5";"DIFNC";124,63;500,00;124,63;500,00;124,63;500,00;;;;0,00;125,63;"A5.FAC.066";"B01";0,00;0,00;0,00;4245,52;0,00;0,00;;;;;;;;;;;;0,00;0,00;0,00;0,00;0,00;;;;;;;;;;;"DONGQI";;;;;;;;
"A5.FAC.066.EA0LIMNC";"53%PL + 19%PC + 19%PA + 5%WO + 4%MZ";"DONGQI";-1;8817043;"A5.FAC.066.EA0";8817041;"LIGHT WOOL + LUREX NM 1/18.5";"LIMNC";857,16;2562,00;857,16;2562,00;857,16;2562,00;;;;0,00;858,16;"A5.FAC.066";"EA0";0,00;0,00;0,00;4245,52;0,00;0,00;;;;;;;;;;;;0,00;0,00;0,00;0,00;0,00;;;;;;;;;;;"DONGQI";;;;;;;;
"A5.FAC.066.EF2LIMNC";"53%PL + 19%PC + 19%PA + 5%WO + 4%MZ";"DONGQI";-1;8817044;"A5.FAC.066.EF2";8817041;"LIGHT WOOL + LUREX NM 1/18.5";"LIMNC";558,45;1966,00;558,45;1966,00;558,45;1966,00;;;;0,00;559,45;"A5.FAC.066";"EF2";0,00;0,00;0,00;4245,52;0,00;0,00;;;;;;;;;;;;0,00;0,00;0,00;0,00;0,00;;;;;;;;;;;"DONGQI";;;;;;;;
"A5.FAC.066.N11LIMNC";"53%PL + 19%PC + 19%PA + 5%WO + 4%MZ";"DONGQI";-1;8817046;"A5.FAC.066.N11";8817041;"LIGHT WOOL + LUREX NM 1/18.5";"LIMNC";499,39;1801,00;499,39;1801,00;499,39;1801,00;;;;0,00;500,39;"A5.FAC.066";"N11";0,00;0,00;0,00;4245,52;0,00;0,00;;;;;;;;;;;;0,00;0,00;0,00;0,00;0,00;;;;;;;;;;;"DONGQI";;;;;;;;
"A5.FAC.066.N18DIFNC";"53%PL + 19%PC + 19%PA + 5%WO + 4%MZ";"DONGQI";-1;8990153;"A5.FAC.066.N18";8817041;"LIGHT WOOL + LUREX NM 1/18.5";"DIFNC";124,63;500,00;124,63;500,00;124,63;500,00;;;;0,00;125,63;"A5.FAC.066";"N18";0,00;0,00;0,00;4245,52;0,00;0,00;;;;;;;;;;;;0,00;0,00;0,00;0,00;0,00;;;;;;;;;;;"DONGQI";;;;;;;;
"A5.FAC.066.N99DIFNC";"53%PL + 19%PC + 19%PA + 5%WO + 4%MZ";"DONGQI";-1;8817047;"A5.FAC.066.N99";8817041;"LIGHT WOOL + LUREX NM 1/18.5";"DIFNC";149,55;600,00;149,55;600,00;149,55;600,00;;;;0,00;719,43;"A5.FAC.066";"N99";0,00;0,00;0,00;4245,52;0,00;0,00;;;;;;;;;;;;0,00;0,00;0,00;0,00;0,00;;;;;;;;;;;"DONGQI";;;;;;;;
"A5.FAC.066.N99LIMNC";"53%PL + 19%PC + 19%PA + 5%WO + 4%MZ";"DONGQI";-1;8817047;"A5.FAC.066.N99";8817041;"LIGHT WOOL + LUREX NM 1/18.5";"LIMNC";568,87;1976,00;568,87;1976,00;568,87;1976,00;;;;0,00;719,43;"A5.FAC.066";"N99";0,00;0,00;0,00;4245,52;0,00;0,00;;;;;;;;;;;;0,00;0,00;0,00;0,00;0,00;;;;;;;;;;;"DONGQI";;;;;;;;
"A5.FAC.066.RD4LIMNC";"53%PL + 19%PC + 19%PA + 5%WO + 4%MZ";"DONGQI";-1;8819742;"A5.FAC.066.RD4";8817041;"LIGHT WOOL + LUREX NM 1/18.5";"LIMNC";530,25;1837,00;530,25;1837,00;530,25;1837,00;;;;0,00;531,25;"A5.FAC.066";"RD4";0,00;0,00;0,00;4245,52;0,00;0,00;;;;;;;;;;;;0,00;0,00;0,00;0,00;0,00;;;;;;;;;;;"DONGQI";;;;;;;;
"A5.FAC.066.SH6LIMNC";"53%PL + 19%PC + 19%PA + 5%WO + 4%MZ";"DONGQI";-1;8817048;"A5.FAC.066.SH6";8817041;"LIGHT WOOL + LUREX NM 1/18.5";"LIMNC";13,67;158,00;13,67;158,00;13,67;158,00;;;;0,00;14,67;"A5.FAC.066";"SH6";0,00;0,00;0,00;4245,52;0,00;0,00;;;;;;;;;;;;0,00;0,00;0,00;0,00;0,00;;;;;;;;;;;"DONGQI";;;;;;;;
"A5.FAC.066.UD8DIFNC";"53%PL + 19%PC + 19%PA + 5%WO + 4%MZ";"DONGQI";-1;8990154;"A5.FAC.066.UD8";8817041;"LIGHT WOOL + LUREX NM 1/18.5";"DIFNC";149,55;600,00;149,55;600,00;149,55;600,00;;;;0,00;150,55;"A5.FAC.066";"UD8";0,00;0,00;0,00;4245,52;0,00;0,00;;;;;;;;;;;;0,00;0,00;0,00;0,00;0,00;;;;;;;;;;;"DONGQI";;;;;;;;
"A5.FAC.066.Z4ALIMNC";"53%PL + 19%PC + 19%PA + 5%WO + 4%MZ";"DONGQI";-1;8817049;"A5.FAC.066.Z4A";8817041;"LIGHT WOOL + LUREX NM 1/18.5";"LIMNC";659,33;2127,00;659,33;2127,00;659,33;2127,00;;;;0,00;660,33;"A5.FAC.066";"Z4A";0,00;0,00;0,00;4245,52;0,00;0,00;;;;;;;;;;;;0,00;0,00;0,00;0,00;0,00;;;;;;;;;;;"DONGQI";;;;;;;;
"A5.FAC.067.BB7MMFNC";"100%CO";"MODEFASHION-CN";-1;8887138;"A5.FAC.067.BB7";8841988;"MAGLIA A RETE 100%CO";"MMFNC";375,66;1350,00;375,66;1350,00;375,66;1350,00;;;;0,00;376,66;"A5.FAC.067";"BB7";0,00;0,00;0,00;749,55;0,00;0,00;;;;;;;;;;;;0,00;0,00;0,00;0,00;0,00;;;;;;;;;;;"MODEFASHION-CN";;;;364,72;364,72;364,72;364,72;364,72
"A5.FAC.067.M01MMFNC";"100%CO";"MODEFASHION-CN";-1;8843737;"A5.FAC.067.M01";8841988;"MAGLIA A RETE 100%CO";"MMFNC";206,13;462,00;206,13;462,00;206,13;462,00;;;;0,00;207,13;"A5.FAC.067";"M01";0,00;0,00;0,00;749,55;0,00;0,00;;;;;;;;;;;;0,00;0,00;0,00;0,00;0,00;;;;;;;;;;;"MODEFASHION-CN";;;;;;;;
"A5.FAC.067.N99MMFNC";"100%CO";"MODEFASHION-CN";-1;8841990;"A5.FAC.067.N99";8841988;"MAGLIA A RETE 100%CO";"MMFNC";164,75;1350,00;164,75;1350,00;164,75;1350,00;;;;0,00;165,75;"A5.FAC.067";"N99";0,00;0,00;0,00;749,55;0,00;0,00;;;;;;;;;;;;0,00;0,00;0,00;0,00;0,00;;;;;;;;;;;"MODEFASHION-CN";;;;159,96;159,96;159,96;159,96;159,96
"A5.FAC.070.AB0LIMNC";"100%VI";"REDLAND-BD";-1;8817051;"A5.FAC.070.AB0";8817050;"2/30 100% Viscose";"LIMNC";550,17;2170,00;550,17;2170,00;550,17;2170,00;;;;0,00;551,17;"A5.FAC.070";"AB0";0,00;0,00;0,00;8660,07;0,00;0,00;;;;;;;;;;;;0,00;0,00;0,00;0,00;0,00;;;;;;;;;;;"REDLAND-BD";;;;;;;;
"A5.FAC.070.BM0LIMNC";"100%VI";"REDLAND-BD";-1;8817052;"A5.FAC.070.BM0";8817050;"2/30 100% Viscose";"LIMNC";642,75;5865,00;642,75;5865,00;642,75;5865,00;;;;0,00;643,75;"A5.FAC.070";"BM0";0,00;0,00;0,00;8660,07;0,00;0,00;;;;;;;;;;;;0,00;0,00;0,00;0,00;0,00;;;;;;;;;;;"REDLAND-BD";;;;;;;;
"A5.FAC.070.EB1LIMNC";"100%VI";"REDLAND-BD";-1;8817054;"A5.FAC.070.EB1";8817050;"2/30 100% Viscose";"LIMNC";383,14;1494,00;383,14;1494,00;383,14;1494,00;;;;0,00;384,14;"A5.FAC.070";"EB1";0,00;0,00;0,00;8660,07;0,00;0,00;;;;;;;;;;;;0,00;0,00;0,00;0,00;0,00;;;;;;;;;;;"REDLAND-BD";;;;;;;;
"A5.FAC.070.EUALIMNC";"100%VI";"REDLAND-BD";-1;8817055;"A5.FAC.070.EUA";8817050;"2/30 100% Viscose";"LIMNC";1091,29;4353,00;1091,29;4353,00;1091,29;4353,00;;;;0,00;1092,29;"A5.FAC.070";"EUA";0,00;0,00;0,00;8660,07;0,00;0,00;;;;;;;;;;;;0,00;0,00;0,00;0,00;0,00;;;;;;;;;;;"REDLAND-BD";;;;;;;;
"A5.FAC.070.HE7LIMNC";"100%VI";"REDLAND-BD";-1;8817056;"A5.FAC.070.HE7";8817050;"2/30 100% Viscose";"LIMNC";615,19;2430,00;615,19;2430,00;615,19;2430,00;;;;0,00;616,19;"A5.FAC.070";"HE7";0,00;0,00;0,00;8660,07;0,00;0,00;;;;;;;;;;;;0,00;0,00;0,00;0,00;0,00;;;;;;;;;;;"REDLAND-BD";;;;;;;;
"A5.FAC.070.M00LIMNC";"100%VI";"REDLAND-BD";-1;8817057;"A5.FAC.070.M00";8817050;"2/30 100% Viscose";"LIMNC";415,51;1771,00;415,51;1771,00;415,51;1771,00;;;;0,00;416,51;"A5.FAC.070";"M00";0,00;0,00;0,00;8660,07;0,00;0,00;;;;;;;;;;;;0,00;0,00;0,00;0,00;0,00;;;;;;;;;;;"REDLAND-BD";;;;;;;;
"A5.FAC.070.MB5LIMNC";"100%VI";"REDLAND-BD";-1;8817058;"A5.FAC.070.MB5";8817050;"2/30 100% Viscose";"LIMNC";376,17;1461,00;376,17;1461,00;376,17;1461,00;;;;0,00;377,17;"A5.FAC.070";"MB5";0,00;0,00;0,00;8660,07;0,00;0,00;;;;;;;;;;;;0,00;0,00;0,00;0,00;0,00;;;;;;;;;;;"REDLAND-BD";;;;;;;;
"A5.FAC.070.N99LIMNC";"100%VI";"REDLAND-BD";-1;8817059;"A5.FAC.070.N99";8817050;"2/30 100% Viscose";"LIMNC";2468,03;10535,00;2468,03;10535,00;2468,03;10535,00;;;;0,00;2469,03;"A5.FAC.070";"N99";0,00;0,00;0,00;8660,07;0,00;0,00;;;;;;;;;;;;0,00;0,00;0,00;0,00;0,00;;;;;;;;;;;"REDLAND-BD";;;;;;;;
"A5.FAC.070.R71LIMNC";"100%VI";"REDLAND-BD";-1;8817060;"A5.FAC.070.R71";8817050;"2/30 100% Viscose";"LIMNC";275,70;1064,00;275,70;1064,00;275,70;1064,00;;;;0,00;276,70;"A5.FAC.070";"R71";0,00;0,00;0,00;8660,07;0,00;0,00;;;;;;;;;;;;0,00;0,00;0,00;0,00;0,00;;;;;;;;;;;"REDLAND-BD";;;;;;;;
"A5.FAC.070.RG0LIMNC";"100%VI";"REDLAND-BD";-1;8817061;"A5.FAC.070.RG0";8817050;"2/30 100% Viscose";"LIMNC";1138,84;4915,00;1138,84;4915,00;1138,84;4915,00;;;;0,00;1139,84;"A5.FAC.070";"RG0";0,00;0,00;0,00;8660,07;0,00;0,00;;;;;;;;;;;;0,00;0,00;0,00;0,00;0,00;;;;;;;;;;;"REDLAND-BD";;;;;;;;
"A5.FAC.070.ZA2LIMNC";"100%VI";"REDLAND-BD";-1;8817063;"A5.FAC.070.ZA2";8817050;"2/30 100% Viscose";"LIMNC";692,23;2726,00;692,23;2726,00;692,23;2726,00;;;;0,00;693,23;"A5.FAC.070";"ZA2";0,00;0,00;0,00;8660,07;0,00;0,00;;;;;;;;;;;;0,00;0,00;0,00;0,00;0,00;;;;;;;;;;;"REDLAND-BD";;;;;;;;
"A5.FAC.089.B01DIFNC";"100%VI";"FASHIONTREND";-1;8996177;"A5.FAC.089.B01";8996176;"100% Viscose nm 2/30";"DIFNC";177,67;500,00;177,67;500,00;177,67;500,00;;;;0,00;178,67;"A5.FAC.089";"B01";0,00;0,00;0,00;1093,22;0,00;0,00;;;;;;;;;;;;0,00;0,00;0,00;0,00;0,00;;;;;;;;;;;"FASHIONTREND";;;;;;;;
"A5.FAC.089.E69DIFNC";"100%VI";"FASHIONTREND";-1;8996178;"A5.FAC.089.E69";8996176;"100% Viscose nm 2/30";"DIFNC";288,91;1500,00;288,91;1500,00;288,91;1500,00;;;;0,00;289,91;"A5.FAC.089";"E69";0,00;0,00;0,00;1093,22;0,00;0,00;;;;;;;;;;;;0,00;0,00;0,00;0,00;0,00;;;;;;;;;;;"FASHIONTREND";;;;;;;;
"A5.FAC.089.N99DIFNC";"100%VI";"FASHIONTREND";-1;8996179;"A5.FAC.089.N99";8996176;"100% Viscose nm 2/30";"DIFNC";177,67;500,00;177,67;500,00;177,67;500,00;;;;0,00;178,67;"A5.FAC.089";"N99";0,00;0,00;0,00;1093,22;0,00;0,00;;;;;;;;;;;;0,00;0,00;0,00;0,00;0,00;;;;;;;;;;;"FASHIONTREND";;;;;;;;
"A5.FAC.089.UD1DIFNC";"100%VI";"FASHIONTREND";-1;8996180;"A5.FAC.089.UD1";8996176;"100% Viscose nm 2/30";"DIFNC";444,96;2000,00;444,96;2000,00;444,96;2000,00;;;;0,00;445,96;"A5.FAC.089";"UD1";0,00;0,00;0,00;1093,22;0,00;0,00;;;;;;;;;;;;0,00;0,00;0,00;0,00;0,00;;;;;;;;;;;"FASHIONTREND";;;;;;;;
"A5.FAC.090.N9MDCINC";"50%PA + 40%VI + 5%WO + 5%WS";"DONGQI";-1;8951533;"A5.FAC.090.N9M";8951528;"50% PA, 40% VI, 5% WO 5% WS nm 2/28";"DCINC";1,23;600,00;1,23;600,00;1,23;600,00;;;;0,00;2,23;"A5.FAC.090";"N9M";0,00;0,00;0,00;4,47;0,00;0,00;;;;;;;;;;;;0,00;0,00;0,00;0,00;0,00;;;;;;;;;;;"DONGQI";;;;;;;;
"A5.FAC.090.Y6BDCINC";"50%PA + 40%VI + 5%WO + 5%WS";"DONGQI";-1;8952283;"A5.FAC.090.Y6B";8951528;"50% PA, 40% VI, 5% WO 5% WS nm 2/28";"DCINC";1,23;600,00;1,23;600,00;1,23;600,00;;;;0,00;2,23;"A5.FAC.090";"Y6B";0,00;0,00;0,00;4,47;0,00;0,00;;;;;;;;;;;;0,00;0,00;0,00;0,00;0,00;;;;;;;;;;;"DONGQI";;;;;;;;
"A5.FAC.101.B20DIFNC";"100%WS";"SIGN";-1;8984300;"A5.FAC.101.B20";8984298;"2/18 100% CASHMERE";"DIFNC";90,64;500,00;90,64;500,00;90,64;500,00;;;;0,00;91,64;"A5.FAC.101";"B20";0,00;0,00;0,00;274,92;0,00;0,00;;;;;;;;;;;;0,00;0,00;0,00;0,00;0,00;;;;;;;;;;;"SIGN";;;;;;;;
"A5.FAC.101.N45DIFNC";"100%WS";"SIGN";-1;8984306;"A5.FAC.101.N45";8984298;"2/18 100% CASHMERE";"DIFNC";90,64;500,00;90,64;500,00;90,64;500,00;;;;0,00;91,64;"A5.FAC.101";"N45";0,00;0,00;0,00;274,92;0,00;0,00;;;;;;;;;;;;0,00;0,00;0,00;0,00;0,00;;;;;;;;;;;"SIGN";;;;;;;;
"A5.FAC.101.UD1DIFNC";"100%WS";"SIGN";-1;8990155;"A5.FAC.101.UD1";8984298;"2/18 100% CASHMERE";"DIFNC";90,64;500,00;90,64;500,00;90,64;500,00;;;;0,00;91,64;"A5.FAC.101";"UD1";0,00;0,00;0,00;274,92;0,00;0,00;;;;;;;;;;;;0,00;0,00;0,00;0,00;0,00;;;;;;;;;;;"SIGN";;;;;;;;
"A5.FAC.102.B32DIFNC";"60%SE + 40%WO";"SIGN";-1;8984320;"A5.FAC.102.B32";8984317;"2/80 60%SILK 40%WOOL";"DIFNC";95,79;500,00;95,79;500,00;95,79;500,00;;;;0,00;96,79;"A5.FAC.102";"B32";0,00;0,00;0,00;387,16;0,00;0,00;;;;;;;;;;;;0,00;0,00;0,00;0,00;0,00;;;;;;;;;;;"SIGN";;;;;;;;
"A5.FAC.102.N99DIFNC";"60%SE + 40%WO";"SIGN";-1;8984326;"A5.FAC.102.N99";8984317;"2/80 60%SILK 40%WOOL";"DIFNC";95,79;500,00;95,79;500,00;95,79;500,00;;;;0,00;96,79;"A5.FAC.102";"N99";0,00;0,00;0,00;387,16;0,00;0,00;;;;;;;;;;;;0,00;0,00;0,00;0,00;0,00;;;;;;;;;;;"SIGN";;;;;;;;
"A5.FAC.102.RG0DIFNC";"60%SE + 40%WO";"SIGN";-1;8984330;"A5.FAC.102.RG0";8984317;"2/80 60%SILK 40%WOOL";"DIFNC";95,79;500,00;95,79;500,00;95,79;500,00;;;;0,00;96,79;"A5.FAC.102";"RG0";0,00;0,00;0,00;387,16;0,00;0,00;;;;;;;;;;;;0,00;0,00;0,00;0,00;0,00;;;;;;;;;;;"SIGN";;;;;;;;
"A5.FAC.102.UD9DIFNC";"60%SE + 40%WO";"SIGN";-1;8984332;"A5.FAC.102.UD9";8984317;"2/80 60%SILK 40%WOOL";"DIFNC";95,79;500,00;95,79;500,00;95,79;500,00;;;;0,00;96,79;"A5.FAC.102";"UD9";0,00;0,00;0,00;387,16;0,00;0,00;;;;;;;;;;;;0,00;0,00;0,00;0,00;0,00;;;;;;;;;;;"SIGN";;;;;;;;
"A5.FAC.501.BA6MA1NC";"62%VI + 38%PL";"YARNSCOLORS-MATP";-1;8823345;"A5.FAC.501.BA6";8823344;"Athena C3003 nm2/68";"MA1NC";275,86;1730,00;251,49;1569,00;179,15;1098,00;;;;0,00;252,49;"A5.FAC.501";"BA6";0,00;0,00;0,00;1112,40;0,00;0,00;;;;;;;;;;;;0,00;0,00;0,00;0,00;0,00;;;;;;;;;;;"YARNSCOLORS-MATP";34,71;113,00;72,69;108,88;156,43;162,37;108,88;162,37
"A5.FAC.501.EU1MA1NC";"62%VI + 38%PL";"YARNSCOLORS-MATP";-1;8823346;"A5.FAC.501.EU1";8823344;"Athena C3003 nm2/68";"MA1NC";16,11;99,00;16,27;100,00;11,71;72,00;;;;0,00;17,27;"A5.FAC.501";"EU1";0,00;0,00;0,00;1112,40;0,00;0,00;;;;;;;;;;;;0,00;0,00;0,00;0,00;0,00;;;;;;;;;;;"YARNSCOLORS-MATP";34,71;113,00;72,69;;;;;
"A5.FAC.501.HH2MA1NC";"62%VI + 38%PL";"YARNSCOLORS-MATP";-1;8823348;"A5.FAC.501.HH2";8823344;"Athena C3003 nm2/68";"MA1NC";51,11;191,00;48,74;179,00;33,03;116,00;;;;0,00;49,74;"A5.FAC.501";"HH2";0,00;0,00;0,00;1112,40;0,00;0,00;;;;;;;;;;;;0,00;0,00;0,00;0,00;0,00;;;;;;;;;;;"YARNSCOLORS-MATP";34,71;113,00;72,69;;;;;
"A5.FAC.501.N11MA1NC";"62%VI + 38%PL";"YARNSCOLORS-MATP";-1;8823351;"A5.FAC.501.N11";8823344;"Athena C3003 nm2/68";"MA1NC";103,17;634,00;92,43;568,00;59,23;364,00;;;;0,00;93,43;"A5.FAC.501";"N11";0,00;0,00;0,00;1112,40;0,00;0,00;;;;;;;;;;;;0,00;0,00;0,00;0,00;0,00;;;;;;;;;;;"YARNSCOLORS-MATP";34,71;113,00;72,69;;;;;
"A5.FAC.501.N2ADIFNC";"62%VI + 38%PL";"YARNSCOLORS-MATP";-1;8995119;"A5.FAC.501.N2A";8823344;"Athena C3003 nm2/68";"DIFNC";94,55;600,00;94,55;600,00;94,55;600,00;;;;0,00;95,55;"A5.FAC.501";"N2A";0,00;0,00;0,00;1112,40;0,00;0,00;;;;;;;;;;;;0,00;0,00;0,00;0,00;0,00;;;;;;;;;;;"YARNSCOLORS-MATP";34,71;113,00;72,69;;;;;
"A5.FAC.501.N99DIFNC";"62%VI + 38%PL";"YARNSCOLORS-MATP";-1;8823352;"A5.FAC.501.N99";8823344;"Athena C3003 nm2/68";"DIFNC";94,55;600,00;94,55;600,00;94,55;600,00;;;;0,00;581,64;"A5.FAC.501";"N99";0,00;0,00;0,00;1112,40;0,00;0,00;;;;;;;;;;;;0,00;0,00;0,00;0,00;0,00;;;;;;;;;;;"YARNSCOLORS-MATP";34,71;113,00;72,69;;;;;
"A5.FAC.501.N99MA1NC";"62%VI + 38%PL";"YARNSCOLORS-MATP";-1;8823352;"A5.FAC.501.N99";8823344;"Athena C3003 nm2/68";"MA1NC";533,58;1857,00;486,09;1693,00;346,88;1216,00;;;;0,00;581,64;"A5.FAC.501";"N99";0,00;0,00;0,00;1112,40;0,00;0,00;;;;;;;;;;;;0,00;0,00;0,00;0,00;0,00;;;;;;;;;;;"YARNSCOLORS-MATP";34,71;113,00;72,69;;;;;
"A5.FAC.501.W4AMA1NC";"62%VI + 38%PL";"YARNSCOLORS-MATP";-1;8823355;"A5.FAC.501.W4A";8823344;"Athena C3003 nm2/68";"MA1NC";21,71;91,00;21,25;88,00;11,48;49,00;;;;0,00;22,25;"A5.FAC.501";"W4A";0,00;0,00;0,00;1112,40;0,00;0,00;;;;;;;;;;;;0,00;0,00;0,00;0,00;0,00;;;;;;;;;;;"YARNSCOLORS-MATP";34,71;113,00;72,69;;;;;
"A5.FAC.502.B02MH1NC";"72%VI + 28%PL";"YARNSCOLORS-MATP";-1;8829164;"A5.FAC.502.B02";8817064;"Snowy C2795 nm2/50";"MH1NC";506,63;1158,00;506,63;1158,00;506,63;1158,00;;;;0,00;507,63;"A5.FAC.502";"B02";0,00;0,00;0,00;6765,39;0,00;0,00;;;;;;;;;;;;0,00;0,00;0,00;0,00;0,00;;;;;;;;;;;"YARNSCOLORS-MATP";34,71;113,00;72,69;491,87;491,87;491,87;491,87;491,87
"A5.FAC.502.B20ECRNC";"72%VI + 28%PL";"YARNSCOLORS-MATP";-1;8856579;"A5.FAC.502.B20";8817064;"Snowy C2795 nm2/50";"ECRNC";125,91;501,00;125,91;501,00;125,91;501,00;;;;0,00;126,91;"A5.FAC.502";"B20";0,00;0,00;0,00;6765,39;0,00;0,00;;;;;;;;;;;;0,00;0,00;0,00;0,00;0,00;;;;;;;;;;;"YARNSCOLORS-MATP";34,71;113,00;72,69;;;;;
"A5.FAC.502.BM0LIMNC";"72%VI + 28%PL";"YARNSCOLORS-MATP";-1;8817065;"A5.FAC.502.BM0";8817064;"Snowy C2795 nm2/50";"LIMNC";190,69;1042,00;190,69;1042,00;190,69;1042,00;;;;0,00;191,69;"A5.FAC.502";"BM0";0,00;0,00;0,00;6765,39;0,00;0,00;;;;;;;;;;;;0,00;0,00;0,00;0,00;0,00;;;;;;;;;;;"YARNSCOLORS-MATP";34,71;113,00;72,69;;;;;
"A5.FAC.502.EA9LIMNC";"72%VI + 28%PL";"YARNSCOLORS-MATP";-1;8817067;"A5.FAC.502.EA9";8817064;"Snowy C2795 nm2/50";"LIMNC";612,00;1200,00;612,00;1200,00;612,00;1200,00;;;;0,00;613,00;"A5.FAC.502";"EA9";0,00;0,00;0,00;6765,39;0,00;0,00;;;;;;;;;;;;0,00;0,00;0,00;0,00;0,00;;;;;;;;;;;"YARNSCOLORS-MATP";34,71;113,00;72,69;;;;;
"A5.FAC.502.EB8LIMNC";"72%VI + 28%PL";"YARNSCOLORS-MATP";-1;8817068;"A5.FAC.502.EB8";8817064;"Snowy C2795 nm2/50";"LIMNC";378,81;696,00;378,81;696,00;378,81;696,00;;;;0,00;379,81;"A5.FAC.502";"EB8";0,00;0,00;0,00;6765,39;0,00;0,00;;;;;;;;;;;;0,00;0,00;0,00;0,00;0,00;;;;;;;;;;;"YARNSCOLORS-MATP";34,71;113,00;72,69;;;;;
"A5.FAC.502.ED1ECRNC";"72%VI + 28%PL";"YARNSCOLORS-MATP";-1;8856580;"A5.FAC.502.ED1";8817064;"Snowy C2795 nm2/50";"ECRNC";60,40;510,00;60,40;510,00;60,40;510,00;;;;0,00;61,40;"A5.FAC.502";"ED1";0,00;0,00;0,00;6765,39;0,00;0,00;;;;;;;;;;;;0,00;0,00;0,00;0,00;0,00;;;;;;;;;;;"YARNSCOLORS-MATP";34,71;113,00;72,69;;;;;
"A5.FAC.502.EUALIMNC";"72%VI + 28%PL";"YARNSCOLORS-MATP";-1;8817069;"A5.FAC.502.EUA";8817064;"Snowy C2795 nm2/50";"LIMNC";874,95;1597,00;874,95;1597,00;874,95;1597,00;;;;0,00;875,95;"A5.FAC.502";"EUA";0,00;0,00;0,00;6765,39;0,00;0,00;;;;;;;;;;;;0,00;0,00;0,00;0,00;0,00;;;;;;;;;;;"YARNSCOLORS-MATP";34,71;113,00;72,69;;;;;
"A5.FAC.502.K1CLIMNC";"72%VI + 28%PL";"YARNSCOLORS-MATP";-1;8817071;"A5.FAC.502.K1C";8817064;"Snowy C2795 nm2/50";"LIMNC";117,04;365,00;117,04;365,00;117,04;365,00;;;;0,00;118,04;"A5.FAC.502";"K1C";0,00;0,00;0,00;6765,39;0,00;0,00;;;;;;;;;;;;0,00;0,00;0,00;0,00;0,00;;;;;;;;;;;"YARNSCOLORS-MATP";34,71;113,00;72,69;;;;;
"A5.FAC.502.M0CLIMNC";"72%VI + 28%PL";"YARNSCOLORS-MATP";-1;8817072;"A5.FAC.502.M0C";8817064;"Snowy C2795 nm2/50";"LIMNC";34,38;104,00;34,38;104,00;34,38;104,00;;;;0,00;35,38;"A5.FAC.502";"M0C";0,00;0,00;0,00;6765,39;0,00;0,00;;;;;;;;;;;;0,00;0,00;0,00;0,00;0,00;;;;;;;;;;;"YARNSCOLORS-MATP";34,71;113,00;72,69;;;;;
"A5.FAC.502.M17MH1NC";"72%VI + 28%PL";"YARNSCOLORS-MATP";-1;8829170;"A5.FAC.502.M17";8817064;"Snowy C2795 nm2/50";"MH1NC";256,50;685,00;256,50;685,00;256,50;685,00;;;;0,00;257,50;"A5.FAC.502";"M17";0,00;0,00;0,00;6765,39;0,00;0,00;;;;;;;;;;;;0,00;0,00;0,00;0,00;0,00;;;;;;;;;;;"YARNSCOLORS-MATP";34,71;113,00;72,69;;;;;
"A5.FAC.502.M48LIMNC";"72%VI + 28%PL";"YARNSCOLORS-MATP";-1;8817073;"A5.FAC.502.M48";8817064;"Snowy C2795 nm2/50";"LIMNC";128,71;400,00;128,71;400,00;128,71;400,00;;;;0,00;129,71;"A5.FAC.502";"M48";0,00;0,00;0,00;6765,39;0,00;0,00;;;;;;;;;;;;0,00;0,00;0,00;0,00;0,00;;;;;;;;;;;"YARNSCOLORS-MATP";34,71;113,00;72,69;;;;;
"A5.FAC.502.N11LIMNC";"72%VI + 28%PL";"YARNSCOLORS-MATP";-1;8817074;"A5.FAC.502.N11";8817064;"Snowy C2795 nm2/50";"LIMNC";157,16;351,00;157,16;351,00;157,16;351,00;;;;0,00;158,16;"A5.FAC.502";"N11";0,00;0,00;0,00;6765,39;0,00;0,00;;;;;;;;;;;;0,00;0,00;0,00;0,00;0,00;;;;;;;;;;;"YARNSCOLORS-MATP";34,71;113,00;72,69;;;;;
"A5.FAC.502.N18LIMNC";"72%VI + 28%PL";"YARNSCOLORS-MATP";-1;8817075;"A5.FAC.502.N18";8817064;"Snowy C2795 nm2/50";"LIMNC";499,58;1226,00;499,58;1226,00;499,58;1226,00;;;;0,00;500,58;"A5.FAC.502";"N18";0,00;0,00;0,00;6765,39;0,00;0,00;;;;;;;;;;;;0,00;0,00;0,00;0,00;0,00;;;;;;;;;;;"YARNSCOLORS-MATP";34,71;113,00;72,69;;;;;
"A5.FAC.502.N99ECRNC";"72%VI + 28%PL";"YARNSCOLORS-MATP";-1;8817076;"A5.FAC.502.N99";8817064;"Snowy C2795 nm2/50";"ECRNC";390,35;1758,00;390,35;1758,00;390,35;1758,00;;;;0,00;1379,65;"A5.FAC.502";"N99";0,00;0,00;0,00;6765,39;0,00;0,00;;;;;;;;;;;;0,00;0,00;0,00;0,00;0,00;;;;;;;;;;;"YARNSCOLORS-MATP";34,71;113,00;72,69;;;;;
"A5.FAC.502.N99LIMNC";"72%VI + 28%PL";"YARNSCOLORS-MATP";-1;8817076;"A5.FAC.502.N99";8817064;"Snowy C2795 nm2/50";"LIMNC";988,30;2881,00;988,30;2881,00;988,30;2881,00;;;;0,00;1379,65;"A5.FAC.502";"N99";0,00;0,00;0,00;6765,39;0,00;0,00;;;;;;;;;;;;0,00;0,00;0,00;0,00;0,00;;;;;;;;;;;"YARNSCOLORS-MATP";34,71;113,00;72,69;;;;;
"A5.FAC.502.R71LIMNC";"72%VI + 28%PL";"YARNSCOLORS-MATP";-1;8817077;"A5.FAC.502.R71";8817064;"Snowy C2795 nm2/50";"LIMNC";183,41;460,00;183,41;460,00;183,41;460,00;;;;0,00;184,41;"A5.FAC.502";"R71";0,00;0,00;0,00;6765,39;0,00;0,00;;;;;;;;;;;;0,00;0,00;0,00;0,00;0,00;;;;;;;;;;;"YARNSCOLORS-MATP";34,71;113,00;72,69;;;;;
"A5.FAC.502.U9CMH1NC";"72%VI + 28%PL";"YARNSCOLORS-MATP";-1;8829177;"A5.FAC.502.U9C";8817064;"Snowy C2795 nm2/50";"MH1NC";756,90;1789,00;756,90;1789,00;756,90;1789,00;;;;0,00;757,90;"A5.FAC.502";"U9C";0,00;0,00;0,00;6765,39;0,00;0,00;;;;;;;;;;;;0,00;0,00;0,00;0,00;0,00;;;;;;;;;;;"YARNSCOLORS-MATP";34,71;113,00;72,69;;;;;
"A5.FAC.502.UD9MH1NC";"72%VI + 28%PL";"YARNSCOLORS-MATP";-1;8829179;"A5.FAC.502.UD9";8817064;"Snowy C2795 nm2/50";"MH1NC";116,59;273,00;116,59;273,00;116,59;273,00;;;;0,00;117,59;"A5.FAC.502";"UD9";0,00;0,00;0,00;6765,39;0,00;0,00;;;;;;;;;;;;0,00;0,00;0,00;0,00;0,00;;;;;;;;;;;"YARNSCOLORS-MATP";34,71;113,00;72,69;;;;;
"A5.FAC.502.UM5ECRNC";"72%VI + 28%PL";"YARNSCOLORS-MATP";-1;8856581;"A5.FAC.502.UM5";8817064;"Snowy C2795 nm2/50";"ECRNC";167,32;670,00;167,32;670,00;167,32;670,00;;;;0,00;168,32;"A5.FAC.502";"UM5";0,00;0,00;0,00;6765,39;0,00;0,00;;;;;;;;;;;;0,00;0,00;0,00;0,00;0,00;;;;;;;;;;;"YARNSCOLORS-MATP";34,71;113,00;72,69;;;;;
"A5.FAC.502.ZA2LIMNC";"72%VI + 28%PL";"YARNSCOLORS-MATP";-1;8817078;"A5.FAC.502.ZA2";8817064;"Snowy C2795 nm2/50";"LIMNC";200,65;513,00;200,65;513,00;200,65;513,00;;;;0,00;201,65;"A5.FAC.502";"ZA2";0,00;0,00;0,00;6765,39;0,00;0,00;;;;;;;;;;;;0,00;0,00;0,00;0,00;0,00;;;;;;;;;;;"YARNSCOLORS-MATP";34,71;113,00;72,69;;;;;
"A5.FAC.504.BA7WEPNC";"77%VI + 23%PL";"YARNSCOLORS-MATP";-1;8836150;"A5.FAC.504.BA7";8836148;"Zico CS3241 nm2/50";"WEPNC";1306,44;7250,00;1306,44;7250,00;1306,44;7250,00;;;;0,00;1307,44;"A5.FAC.504";"BA7";0,00;0,00;0,00;5212,67;0,00;0,00;;;;;;;;;;;;0,00;0,00;0,00;0,00;0,00;;;;;;;;;;;"YARNSCOLORS-MATP";34,71;113,00;72,69;1268,38;1268,38;1268,38;1268,38;1268,38
"A5.FAC.504.EA3WEPNC";"77%VI + 23%PL";"YARNSCOLORS-MATP";-1;8836151;"A5.FAC.504.EA3";8836148;"Zico CS3241 nm2/50";"WEPNC";625,30;2816,00;625,30;2816,00;625,30;2816,00;;;;0,00;626,30;"A5.FAC.504";"EA3";0,00;0,00;0,00;5212,67;0,00;0,00;;;;;;;;;;;;0,00;0,00;0,00;0,00;0,00;;;;;;;;;;;"YARNSCOLORS-MATP";34,71;113,00;72,69;607,09;607,09;607,09;607,09;607,09
"A5.FAC.504.MF6WEPNC";"77%VI + 23%PL";"YARNSCOLORS-MATP";-1;8836162;"A5.FAC.504.MF6";8836148;"Zico CS3241 nm2/50";"WEPNC";979,08;6478,00;979,08;6478,00;979,08;6478,00;;;;0,00;980,08;"A5.FAC.504";"MF6";0,00;0,00;0,00;5212,67;0,00;0,00;;;;;;;;;;;;0,00;0,00;0,00;0,00;0,00;;;;;;;;;;;"YARNSCOLORS-MATP";34,71;113,00;72,69;950,56;950,56;950,56;950,56;950,56
"A5.FAC.504.N99WEPNC";"77%VI + 23%PL";"YARNSCOLORS-MATP";-1;8836164;"A5.FAC.504.N99";8836148;"Zico CS3241 nm2/50";"WEPNC";1641,03;7075,00;1641,03;7075,00;1641,03;7075,00;;;;0,00;1642,03;"A5.FAC.504";"N99";0,00;0,00;0,00;5212,67;0,00;0,00;;;;;;;;;;;;0,00;0,00;0,00;0,00;0,00;;;;;;;;;;;"YARNSCOLORS-MATP";34,71;113,00;72,69;1593,23;1593,23;1593,23;1593,23;1593,23
"A5.FAC.504.SF6WEPNC";"77%VI + 23%PL";"YARNSCOLORS-MATP";-1;8885192;"A5.FAC.504.SF6";8836148;"Zico CS3241 nm2/50";"WEPNC";188,53;5267,00;188,53;5267,00;188,53;5267,00;;;;0,00;189,53;"A5.FAC.504";"SF6";0,00;0,00;0,00;5212,67;0,00;0,00;;;;;;;;;;;;0,00;0,00;0,00;0,00;0,00;;;;;;;;;;;"YARNSCOLORS-MATP";34,71;113,00;72,69;183,04;183,04;183,04;183,04;183,04
"A5.FAC.504.UC0WEPNC";"77%VI + 23%PL";"YARNSCOLORS-MATP";-1;8836168;"A5.FAC.504.UC0";8836148;"Zico CS3241 nm2/50";"WEPNC";466,26;2349,00;466,26;2349,00;466,26;2349,00;;;;0,00;467,26;"A5.FAC.504";"UC0";0,00;0,00;0,00;5212,67;0,00;0,00;;;;;;;;;;;;0,00;0,00;0,00;0,00;0,00;;;;;;;;;;;"YARNSCOLORS-MATP";34,71;113,00;72,69;;;;;
"A5.FAC.507.BA7WEPNC";"55%SE + 45%CO";"YARNSCOLORS-MATP";-1;8836171;"A5.FAC.507.BA7";8836169;"Kitt C2721 nm2/48";"WEPNC";335,12;2324,00;335,12;2324,00;335,12;2324,00;;;;0,00;336,12;"A5.FAC.507";"BA7";0,00;0,00;0,00;2135,12;0,00;0,00;;;;;;;;;;;;0,00;0,00;0,00;0,00;0,00;;;;;;;;;;;"YARNSCOLORS-MATP";34,71;113,00;72,69;325,36;325,36;325,36;325,36;325,36
"A5.FAC.507.EA3WEPNC";"55%SE + 45%CO";"YARNSCOLORS-MATP";-1;8836172;"A5.FAC.507.EA3";8836169;"Kitt C2721 nm2/48";"WEPNC";375,97;2136,00;375,97;2136,00;375,97;2136,00;;;;0,00;376,97;"A5.FAC.507";"EA3";0,00;0,00;0,00;2135,12;0,00;0,00;;;;;;;;;;;;0,00;0,00;0,00;0,00;0,00;;;;;;;;;;;"YARNSCOLORS-MATP";34,71;113,00;72,69;365,02;365,02;365,02;365,02;365,02
"A5.FAC.507.ME7WEPNC";"55%SE + 45%CO";"YARNSCOLORS-MATP";-1;8885195;"A5.FAC.507.ME7";8836169;"Kitt C2721 nm2/48";"WEPNC";629,25;3413,00;629,25;3413,00;629,25;3413,00;;;;0,00;630,25;"A5.FAC.507";"ME7";0,00;0,00;0,00;2135,12;0,00;0,00;;;;;;;;;;;;0,00;0,00;0,00;0,00;0,00;;;;;;;;;;;"YARNSCOLORS-MATP";34,71;113,00;72,69;610,92;610,92;610,92;610,92;610,92
"A5.FAC.507.SA8WEPNC";"55%SE + 45%CO";"YARNSCOLORS-MATP";-1;8836180;"A5.FAC.507.SA8";8836169;"Kitt C2721 nm2/48";"WEPNC";277,77;1733,00;277,77;1733,00;277,77;1733,00;;;;0,00;278,77;"A5.FAC.507";"SA8";0,00;0,00;0,00;2135,12;0,00;0,00;;;;;;;;;;;;0,00;0,00;0,00;0,00;0,00;;;;;;;;;;;"YARNSCOLORS-MATP";34,71;113,00;72,69;269,68;269,68;269,68;269,68;269,68
"A5.FAC.507.UC0WEPNC";"55%SE + 45%CO";"YARNSCOLORS-MATP";-1;8836181;"A5.FAC.507.UC0";8836169;"Kitt C2721 nm2/48";"WEPNC";511,99;2906,00;511,99;2906,00;511,99;2906,00;;;;0,00;512,99;"A5.FAC.507";"UC0";0,00;0,00;0,00;2135,12;0,00;0,00;;;;;;;;;;;;0,00;0,00;0,00;0,00;0,00;;;;;;;;;;;"YARNSCOLORS-MATP";34,71;113,00;72,69;;;;;
"A5.FAC.509.BB0MP1NC";"65%VI + 35%PA";"YARNSCOLORS-MATP";-1;8829182;"A5.FAC.509.BB0";8829181;"Tiny FSC nm1/24";"MP1NC";582,35;1021,00;582,35;1021,00;582,35;1021,00;;;;0,00;583,35;"A5.FAC.509";"BB0";0,00;0,00;0,00;4644,01;0,00;0,00;;;;;;;;;;;;0,00;0,00;0,00;0,00;0,00;;;;;;;;;;;"YARNSCOLORS-MATP";34,71;113,00;72,69;565,39;565,39;565,39;565,39;565,39
"A5.FAC.509.N99MP1NC";"65%VI + 35%PA";"YARNSCOLORS-MATP";-1;8829183;"A5.FAC.509.N99";8829181;"Tiny FSC nm1/24";"MP1NC";1132,71;1853,00;1132,71;1853,00;1132,71;1853,00;;;;0,00;1133,71;"A5.FAC.509";"N99";0,00;0,00;0,00;4644,01;0,00;0,00;;;;;;;;;;;;0,00;0,00;0,00;0,00;0,00;;;;;;;;;;;"YARNSCOLORS-MATP";34,71;113,00;72,69;1099,72;1099,72;1099,72;1099,72;1099,72
"A5.FAC.509.NC2MP1NC";"65%VI + 35%PA";"YARNSCOLORS-MATP";-1;8829184;"A5.FAC.509.NC2";8829181;"Tiny FSC nm1/24";"MP1NC";2646,04;4090,00;2646,04;4090,00;2646,04;4090,00;;;;0,00;2647,04;"A5.FAC.509";"NC2";0,00;0,00;0,00;4644,01;0,00;0,00;;;;;;;;;;;;0,00;0,00;0,00;0,00;0,00;;;;;;;;;;;"YARNSCOLORS-MATP";34,71;113,00;72,69;;;;;
"A5.FAC.509.T17MP1NC";"65%VI + 35%PA";"YARNSCOLORS-MATP";-1;8829186;"A5.FAC.509.T17";8829181;"Tiny FSC nm1/24";"MP1NC";278,89;667,00;278,89;667,00;278,89;667,00;;;;0,00;279,89;"A5.FAC.509";"T17";0,00;0,00;0,00;4644,01;0,00;0,00;;;;;;;;;;;;0,00;0,00;0,00;0,00;0,00;;;;;;;;;;;"YARNSCOLORS-MATP";34,71;113,00;72,69;;;;;
"A5.FAC.510.N99MIBNC";"65%VI + 35%PA";"YARNSCOLORS-MATP";-1;8833495;"A5.FAC.510.N99";8833492;"Tiny CS2434 nm1/24";"MIBNC";167,78;871,00;167,78;871,00;167,78;871,00;;;;0,00;168,78;"A5.FAC.510";"N99";0,00;0,00;0,00;168,78;0,00;0,00;;;;;;;;;;;;0,00;0,00;0,00;0,00;0,00;;;;;;;;;;;"YARNSCOLORS-MATP";34,71;113,00;72,69;;;;;
"A5.FAC.514.B01MIBNC";"72%VI + 28%PL";"YARNSCOLORS-MATP";-1;8833498;"A5.FAC.514.B01";8833497;"Sunny C3208 nm2/50";"MIBNC";1517,34;2520,00;1517,34;2520,00;1517,34;2520,00;;;;0,00;1518,34;"A5.FAC.514";"B01";0,00;0,00;0,00;6593,00;0,00;0,00;;;;;;;;;;;;0,00;0,00;0,00;0,00;0,00;;;;;;;;;;;"YARNSCOLORS-MATP";34,71;113,00;72,69;;;;;
"A5.FAC.514.ML2MIBNC";"72%VI + 28%PL";"YARNSCOLORS-MATP";-1;8909087;"A5.FAC.514.ML2";8833497;"Sunny C3208 nm2/50";"MIBNC";453,41;820,00;453,41;820,00;453,41;820,00;;;;0,00;454,41;"A5.FAC.514";"ML2";0,00;0,00;0,00;6593,00;0,00;0,00;;;;;;;;;;;;0,00;0,00;0,00;0,00;0,00;;;;;;;;;;;"YARNSCOLORS-MATP";34,71;113,00;72,69;440,20;440,20;440,20;440,20;440,20
"A5.FAC.514.N99MIBNC";"72%VI + 28%PL";"YARNSCOLORS-MATP";-1;8833501;"A5.FAC.514.N99";8833497;"Sunny C3208 nm2/50";"MIBNC";2122,36;3718,00;2122,36;3718,00;2122,36;3718,00;;;;0,00;2123,36;"A5.FAC.514";"N99";0,00;0,00;0,00;6593,00;0,00;0,00;;;;;;;;;;;;0,00;0,00;0,00;0,00;0,00;;;;;;;;;;;"YARNSCOLORS-MATP";34,71;113,00;72,69;;;;;
"A5.FAC.514.UD9MIBNC";"72%VI + 28%PL";"YARNSCOLORS-MATP";-1;8833503;"A5.FAC.514.UD9";8833497;"Sunny C3208 nm2/50";"MIBNC";2495,89;4432,00;2495,89;4432,00;2495,89;4432,00;;;;0,00;2496,89;"A5.FAC.514";"UD9";0,00;0,00;0,00;6593,00;0,00;0,00;;;;;;;;;;;;0,00;0,00;0,00;0,00;0,00;;;;;;;;;;;"YARNSCOLORS-MATP";34,71;113,00;72,69;2423,19;2423,19;2423,19;2423,19;2423,19
"A5.FAC.518.BB6MMFNC";"62%VI + 38%PL";"YARNSCOLORS-MATP";-1;8903821;"A5.FAC.518.BB6";8832603;"Retro C9995 nm2/68";"MMFNC";1714,16;7877,00;1714,16;7877,00;1714,16;7877,00;;;;0,00;1715,16;"A5.FAC.518";"BB6";0,00;0,00;0,00;5502,46;0,00;0,00;;;;;;;;;;;;0,00;0,00;0,00;0,00;0,00;;;;;;;;;;;"YARNSCOLORS-MATP";34,71;113,00;72,69;1664,23;1664,23;1664,23;1664,23;1664,23
"A5.FAC.518.H14MMFNC";"62%VI + 38%PL";"YARNSCOLORS-MATP";-1;8832606;"A5.FAC.518.H14";8832603;"Retro C9995 nm2/68";"MMFNC";890,72;6037,00;890,72;6037,00;890,72;6037,00;;;;0,00;891,72;"A5.FAC.518";"H14";0,00;0,00;0,00;5502,46;0,00;0,00;;;;;;;;;;;;0,00;0,00;0,00;0,00;0,00;;;;;;;;;;;"YARNSCOLORS-MATP";34,71;113,00;72,69;864,77;864,77;864,77;864,77;864,77
"A5.FAC.518.HG8MMFNC";"62%VI + 38%PL";"YARNSCOLORS-MATP";-1;8832607;"A5.FAC.518.HG8";8832603;"Retro C9995 nm2/68";"MMFNC";1586,39;6037,00;1586,39;6037,00;1586,39;6037,00;;;;0,00;1587,39;"A5.FAC.518";"HG8";0,00;0,00;0,00;5502,46;0,00;0,00;;;;;;;;;;;;0,00;0,00;0,00;0,00;0,00;;;;;;;;;;;"YARNSCOLORS-MATP";34,71;113,00;72,69;1540,19;1540,19;1540,19;1540,19;1540,19
"A5.FAC.518.N99MIBNC";"62%VI + 38%PL";"YARNSCOLORS-MATP";-1;8832610;"A5.FAC.518.N99";8832603;"Retro C9995 nm2/68";"MIBNC";187,07;901,00;187,07;901,00;187,07;901,00;;;;0,00;673,02;"A5.FAC.518";"N99";0,00;0,00;0,00;5502,46;0,00;0,00;;;;;;;;;;;;0,00;0,00;0,00;0,00;0,00;;;;;;;;;;;"YARNSCOLORS-MATP";34,71;113,00;72,69;;;;;
"A5.FAC.518.N99MMFNC";"62%VI + 38%PL";"YARNSCOLORS-MATP";-1;8832610;"A5.FAC.518.N99";8832603;"Retro C9995 nm2/68";"MMFNC";484,94;1144,00;484,94;1144,00;484,94;1144,00;;;;0,00;673,02;"A5.FAC.518";"N99";0,00;0,00;0,00;5502,46;0,00;0,00;;;;;;;;;;;;0,00;0,00;0,00;0,00;0,00;;;;;;;;;;;"YARNSCOLORS-MATP";34,71;113,00;72,69;470,82;470,82;470,82;470,82;470,82
"A5.FAC.518.P47MMFNC";"62%VI + 38%PL";"YARNSCOLORS-MATP";-1;8832611;"A5.FAC.518.P47";8832603;"Retro C9995 nm2/68";"MMFNC";6,90;67,00;6,90;67,00;6,90;67,00;;;;0,00;7,90;"A5.FAC.518";"P47";0,00;0,00;0,00;5502,46;0,00;0,00;;;;;;;;;;;;0,00;0,00;0,00;0,00;0,00;;;;;;;;;;;"YARNSCOLORS-MATP";34,71;113,00;72,69;6,70;6,70;6,70;6,70;6,70
"A5.FAC.518.Q53MMFNC";"62%VI + 38%PL";"YARNSCOLORS-MATP";-1;8832612;"A5.FAC.518.Q53";8832603;"Retro C9995 nm2/68";"MMFNC";1,44;67,00;1,44;67,00;1,44;67,00;;;;0,00;2,44;"A5.FAC.518";"Q53";0,00;0,00;0,00;5502,46;0,00;0,00;;;;;;;;;;;;0,00;0,00;0,00;0,00;0,00;;;;;;;;;;;"YARNSCOLORS-MATP";34,71;113,00;72,69;1,40;1,40;1,40;1,40;1,40
"A5.FAC.518.UD9MIBNC";"62%VI + 38%PL";"YARNSCOLORS-MATP";-1;8833506;"A5.FAC.518.UD9";8832603;"Retro C9995 nm2/68";"MIBNC";623,80;735,00;623,80;735,00;623,80;735,00;;;;0,00;624,80;"A5.FAC.518";"UD9";0,00;0,00;0,00;5502,46;0,00;0,00;;;;;;;;;;;;0,00;0,00;0,00;0,00;0,00;;;;;;;;;;;"YARNSCOLORS-MATP";34,71;113,00;72,69;605,64;605,64;605,64;605,64;605,64
"A5.FAC.524.B09MA1NC";"90%VI + 10%PA";"YARNSCOLORS-MATP";-1;8823358;"A5.FAC.524.B09";8823357;"Madison HS0167 1/23";"MA1NC";7,77;148,00;7,35;140,00;7,09;135,00;;;;0,00;8,35;"A5.FAC.524";"B09";0,00;0,00;0,00;176,40;0,00;0,00;;;;;;;;;;;;0,00;0,00;0,00;0,00;0,00;;;;;;;;;;;"YARNSCOLORS-MATP";34,71;113,00;72,69;;;;;
"A5.FAC.524.HH2MA1NC";"90%VI + 10%PA";"YARNSCOLORS-MATP";-1;8823362;"A5.FAC.524.HH2";8823357;"Madison HS0167 1/23";"MA1NC";133,27;220,00;126,26;216,00;82,97;144,00;;;;0,00;127,26;"A5.FAC.524";"HH2";0,00;0,00;0,00;176,40;0,00;0,00;;;;;;;;;;;;0,00;0,00;0,00;0,00;0,00;;;;;;;;;;;"YARNSCOLORS-MATP";34,71;113,00;72,69;;;;;
"A5.FAC.524.MG1MA1NC";"90%VI + 10%PA";"YARNSCOLORS-MATP";-1;8823364;"A5.FAC.524.MG1";8823357;"Madison HS0167 1/23";"MA1NC";4,57;148,00;4,32;140,00;4,17;135,00;;;;0,00;5,32;"A5.FAC.524";"MG1";0,00;0,00;0,00;176,40;0,00;0,00;;;;;;;;;;;;0,00;0,00;0,00;0,00;0,00;;;;;;;;;;;"YARNSCOLORS-MATP";34,71;113,00;72,69;;;;;
"A5.FAC.524.RD4MA1NC";"90%VI + 10%PA";"YARNSCOLORS-MATP";-1;8845707;"A5.FAC.524.RD4";8823357;"Madison HS0167 1/23";"MA1NC";5,61;22,00;6,13;24,00;4,85;19,00;;;;0,00;7,13;"A5.FAC.524";"RD4";0,00;0,00;0,00;176,40;0,00;0,00;;;;;;;;;;;;0,00;0,00;0,00;0,00;0,00;;;;;;;;;;;"YARNSCOLORS-MATP";34,71;113,00;72,69;;;;;
"A5.FAC.524.SA8MA1NC";"90%VI + 10%PA";"YARNSCOLORS-MATP";-1;8823368;"A5.FAC.524.SA8";8823357;"Madison HS0167 1/23";"MA1NC";7,21;167,00;6,98;159,00;6,83;154,00;;;;0,00;7,98;"A5.FAC.524";"SA8";0,00;0,00;0,00;176,40;0,00;0,00;;;;;;;;;;;;0,00;0,00;0,00;0,00;0,00;;;;;;;;;;;"YARNSCOLORS-MATP";34,71;113,00;72,69;;;;;
"A5.FAC.524.W4AMA1NC";"90%VI + 10%PA";"YARNSCOLORS-MATP";-1;8823370;"A5.FAC.524.W4A";8823357;"Madison HS0167 1/23";"MA1NC";19,85;218,00;19,35;209,00;14,29;181,00;;;;0,00;20,35;"A5.FAC.524";"W4A";0,00;0,00;0,00;176,40;0,00;0,00;;;;;;;;;;;;0,00;0,00;0,00;0,00;0,00;;;;;;;;;;;"YARNSCOLORS-MATP";34,71;113,00;72,69;;;;;
"A5.FAC.530.BA7MORNC";"75%CO + 25%PA";"YARNSCOLORS-MATP";-1;8841994;"A5.FAC.530.BA7";8841993;"Loaf FY4420 1/26";"MORNC";84,99;1617,00;75,84;1444,00;56,53;1074,00;;;;0,00;76,84;"A5.FAC.530";"BA7";0,00;0,00;0,00;124,78;0,00;0,00;;;;;;;;;;;;0,00;0,00;0,00;0,00;0,00;;;;;;;;;;;"YARNSCOLORS-MATP";34,71;113,00;72,69;;;;;
"A5.FAC.530.KH8MORNC";"75%CO + 25%PA";"YARNSCOLORS-MATP";-1;8903822;"A5.FAC.530.KH8";8841993;"Loaf FY4420 1/26";"MORNC";5,06;91,00;4,89;88,00;3,78;68,00;;;;0,00;5,89;"A5.FAC.530";"KH8";0,00;0,00;0,00;124,78;0,00;0,00;;;;;;;;;;;;0,00;0,00;0,00;0,00;0,00;;;;;;;;;;;"YARNSCOLORS-MATP";34,71;113,00;72,69;;;;;
"A5.FAC.530.MA4MORNC";"75%CO + 25%PA";"YARNSCOLORS-MATP";-1;8841995;"A5.FAC.530.MA4";8841993;"Loaf FY4420 1/26";"MORNC";4,56;82,00;4,28;77,00;2,83;51,00;;;;0,00;5,28;"A5.FAC.530";"MA4";0,00;0,00;0,00;124,78;0,00;0,00;;;;;;;;;;;;0,00;0,00;0,00;0,00;0,00;;;;;;;;;;;"YARNSCOLORS-MATP";34,71;113,00;72,69;;;;;
"A5.FAC.530.N99MORNC";"75%CO + 25%PA";"YARNSCOLORS-MATP";-1;8903823;"A5.FAC.530.N99";8841993;"Loaf FY4420 1/26";"MORNC";4,80;89,00;4,86;91,00;3,69;69,00;;;;0,00;5,86;"A5.FAC.530";"N99";0,00;0,00;0,00;124,78;0,00;0,00;;;;;;;;;;;;0,00;0,00;0,00;0,00;0,00;;;;;;;;;;;"YARNSCOLORS-MATP";34,71;113,00;72,69;;;;;
"A5.FAC.530.RB7MORNC";"75%CO + 25%PA";"YARNSCOLORS-MATP";-1;8903824;"A5.FAC.530.RB7";8841993;"Loaf FY4420 1/26";"MORNC";14,57;288,00;13,76;272,00;10,49;206,00;;;;0,00;14,76;"A5.FAC.530";"RB7";0,00;0,00;0,00;124,78;0,00;0,00;;;;;;;;;;;;0,00;0,00;0,00;0,00;0,00;;;;;;;;;;;"YARNSCOLORS-MATP";34,71;113,00;72,69;;;;;
"A5.FAC.530.UD1MORNC";"75%CO + 25%PA";"YARNSCOLORS-MATP";-1;8903825;"A5.FAC.530.UD1";8841993;"Loaf FY4420 1/26";"MORNC";15,93;300,00;15,14;286,00;12,81;241,00;;;;0,00;16,14;"A5.FAC.530";"UD1";0,00;0,00;0,00;124,78;0,00;0,00;;;;;;;;;;;;0,00;0,00;0,00;0,00;0,00;;;;;;;;;;;"YARNSCOLORS-MATP";34,71;113,00;72,69;;;;;
"A5.FAC.536.BB6MMFNC";"83%VI + 17%PL";"YARNSCOLORS-MATP";-1;8832614;"A5.FAC.536.BB6";8832613;"Alfred C3916 nm 36000";"MMFNC";366,17;3641,00;366,17;3641,00;366,17;3641,00;;;;0,00;367,17;"A5.FAC.536";"BB6";0,00;0,00;0,00;650,86;0,00;0,00;;;;;;;;;;;;0,00;0,00;0,00;0,00;0,00;;;;;;;;;;;"YARNSCOLORS-MATP";34,71;113,00;72,69;355,50;355,50;355,50;355,50;355,50
"A5.FAC.536.N99MMFNC";"83%VI + 17%PL";"YARNSCOLORS-MATP";-1;8832615;"A5.FAC.536.N99";8832613;"Alfred C3916 nm 36000";"MMFNC";282,69;3159,00;282,69;3159,00;282,69;3159,00;;;;0,00;283,69;"A5.FAC.536";"N99";0,00;0,00;0,00;650,86;0,00;0,00;;;;;;;;;;;;0,00;0,00;0,00;0,00;0,00;;;;;;;;;;;"YARNSCOLORS-MATP";34,71;113,00;72,69;274,45;274,45;274,45;274,45;274,45
"A5.FAC.543.BB5E1MNC";"60%CO + 40%VI";"YARNSCOLORS-MATP";-1;8819744;"A5.FAC.543.BB5";8819743;"Gali SU CS3788 nm3/50";"E1MNC";2042,72;8111,00;2042,72;8111,00;2042,72;8111,00;;;;0,00;2043,72;"A5.FAC.543";"BB5";0,00;0,00;0,00;4370,98;0,00;0,00;;;;;;;;;;;;0,00;0,00;0,00;0,00;0,00;;;;;;;;;;;"YARNSCOLORS-MATP";34,71;113,00;72,69;1248,88;1248,88;1248,88;1248,88;1248,88
"A5.FAC.543.GU3E1MNC";"60%CO + 40%VI";"YARNSCOLORS-MATP";-1;8819745;"A5.FAC.543.GU3";8819743;"Gali SU CS3788 nm3/50";"E1MNC";143,21;632,00;143,21;632,00;143,21;632,00;;;;0,00;144,21;"A5.FAC.543";"GU3";0,00;0,00;0,00;4370,98;0,00;0,00;;;;;;;;;;;;0,00;0,00;0,00;0,00;0,00;;;;;;;;;;;"YARNSCOLORS-MATP";34,71;113,00;72,69;135,74;135,74;135,74;135,74;135,74
"A5.FAC.543.K48E1MNC";"60%CO + 40%VI";"YARNSCOLORS-MATP";-1;8833983;"A5.FAC.543.K48";8819743;"Gali SU CS3788 nm3/50";"E1MNC";1234,78;4271,00;1234,78;4271,00;1234,78;4271,00;;;;0,00;1235,78;"A5.FAC.543";"K48";0,00;0,00;0,00;4370,98;0,00;0,00;;;;;;;;;;;;0,00;0,00;0,00;0,00;0,00;;;;;;;;;;;"YARNSCOLORS-MATP";34,71;113,00;72,69;1151,61;1151,61;1151,61;1151,61;1151,61
"A5.FAC.543.NB6E1MNC";"60%CO + 40%VI";"YARNSCOLORS-MATP";-1;8819747;"A5.FAC.543.NB6";8819743;"Gali SU CS3788 nm3/50";"E1MNC";906,89;4764,00;906,89;4764,00;906,89;4764,00;;;;0,00;907,89;"A5.FAC.543";"NB6";0,00;0,00;0,00;4370,98;0,00;0,00;;;;;;;;;;;;0,00;0,00;0,00;0,00;0,00;;;;;;;;;;;"YARNSCOLORS-MATP";34,71;113,00;72,69;396,00;396,00;396,00;396,00;396,00
"A5.FAC.543.UC0E1MNC";"60%CO + 40%VI";"YARNSCOLORS-MATP";-1;8880011;"A5.FAC.543.UC0";8819743;"Gali SU CS3788 nm3/50";"E1MNC";38,36;250,00;38,36;250,00;38,36;250,00;;;;0,00;39,36;"A5.FAC.543";"UC0";0,00;0,00;0,00;4370,98;0,00;0,00;;;;;;;;;;;;0,00;0,00;0,00;0,00;0,00;;;;;;;;;;;"YARNSCOLORS-MATP";34,71;113,00;72,69;1,34;1,34;1,34;1,34;1,34
"A5.FAC.567.B98MMFNC";"55%CO + 45%VI";"YARNSCOLORS-MATP";-1;8832617;"A5.FAC.567.B98";8832616;"Enzo CS2289 nm 2/90";"MMFNC";615,34;2901,00;615,34;2901,00;615,34;2901,00;;;;0,00;616,34;"A5.FAC.567";"B98";0,00;0,00;0,00;1670,05;0,00;0,00;;;;;;;;;;;;0,00;0,00;0,00;0,00;0,00;;;;;;;;;;;"YARNSCOLORS-MATP";34,71;113,00;72,69;313,26;313,26;313,26;313,26;313,26
"A5.FAC.567.E01MMFNC";"55%CO + 45%VI";"YARNSCOLORS-MATP";-1;8832618;"A5.FAC.567.E01";8832616;"Enzo CS2289 nm 2/90";"MMFNC";493,46;1933,00;493,46;1933,00;493,46;1933,00;;;;0,00;494,46;"A5.FAC.567";"E01";0,00;0,00;0,00;1670,05;0,00;0,00;;;;;;;;;;;;0,00;0,00;0,00;0,00;0,00;;;;;;;;;;;"YARNSCOLORS-MATP";34,71;113,00;72,69;85,94;85,94;85,94;85,94;85,94
"A5.FAC.567.N99MMFNC";"55%CO + 45%VI";"YARNSCOLORS-MATP";-1;8832620;"A5.FAC.567.N99";8832616;"Enzo CS2289 nm 2/90";"MMFNC";558,24;2163,00;558,24;2163,00;558,24;2163,00;;;;0,00;559,24;"A5.FAC.567";"N99";0,00;0,00;0,00;1670,05;0,00;0,00;;;;;;;;;;;;0,00;0,00;0,00;0,00;0,00;;;;;;;;;;;"YARNSCOLORS-MATP";34,71;113,00;72,69;541,98;541,98;541,98;541,98;541,98
"A5.FAC.577.B06MORNC";"78%CO + 22%PA";"YARNSCOLORS-MATP";-1;8841996;"A5.FAC.577.B06";8823372;"Fendi FY4116 nm1/16";"MORNC";225,57;933,00;208,33;862,00;137,29;572,00;;;;0,00;209,33;"A5.FAC.577";"B06";0,00;0,00;0,00;1018,24;0,00;0,00;;;;;;;;;;;;0,00;0,00;0,00;0,00;0,00;;;;;;;;;;;"YARNSCOLORS-MATP";34,71;113,00;72,69;50,85;68,36;75,96;50,85;75,96
"A5.FAC.577.BA4MORNC";"78%CO + 22%PA";"YARNSCOLORS-MATP";-1;8844921;"A5.FAC.577.BA4";8823372;"Fendi FY4116 nm1/16";"MORNC";186,94;773,00;169,78;703,00;133,01;544,00;;;;0,00;170,78;"A5.FAC.577";"BA4";0,00;0,00;0,00;1018,24;0,00;0,00;;;;;;;;;;;;0,00;0,00;0,00;0,00;0,00;;;;;;;;;;;"YARNSCOLORS-MATP";34,71;113,00;72,69;155,59;222,70;237,60;133,01;186,94
"A5.FAC.577.HH2MA1NC";"78%CO + 22%PA";"YARNSCOLORS-MATP";-1;8823377;"A5.FAC.577.HH2";8823372;"Fendi FY4116 nm1/16";"MA1NC";80,68;431,00;72,22;386,00;48,30;258,00;;;;0,00;73,22;"A5.FAC.577";"HH2";0,00;0,00;0,00;1018,24;0,00;0,00;;;;;;;;;;;;0,00;0,00;0,00;0,00;0,00;;;;;;;;;;;"YARNSCOLORS-MATP";34,71;113,00;72,69;;;;;
"A5.FAC.577.N99MA1NC";"78%CO + 22%PA";"YARNSCOLORS-MATP";-1;8823381;"A5.FAC.577.N99";8823372;"Fendi FY4116 nm1/16";"MA1NC";168,75;918,00;154,42;840,00;114,92;624,00;;;;0,00;480,25;"A5.FAC.577";"N99";0,00;0,00;0,00;1018,24;0,00;0,00;;;;;;;;;;;;0,00;0,00;0,00;0,00;0,00;;;;;;;;;;;"YARNSCOLORS-MATP";34,71;113,00;72,69;;;;;
"A5.FAC.577.N99MORNC";"78%CO + 22%PA";"YARNSCOLORS-MATP";-1;8823381;"A5.FAC.577.N99";8823372;"Fendi FY4116 nm1/16";"MORNC";370,64;1348,00;324,83;1185,00;226,47;820,00;;;;0,00;480,25;"A5.FAC.577";"N99";0,00;0,00;0,00;1018,24;0,00;0,00;;;;;;;;;;;;0,00;0,00;0,00;0,00;0,00;;;;;;;;;;;"YARNSCOLORS-MATP";34,71;113,00;72,69;;;;;
"A5.FAC.577.Z02MORNC";"78%CO + 22%PA";"YARNSCOLORS-MATP";-1;8841997;"A5.FAC.577.Z02";8823372;"Fendi FY4116 nm1/16";"MORNC";92,18;473,00;83,64;429,00;64,73;332,00;;;;0,00;84,64;"A5.FAC.577";"Z02";0,00;0,00;0,00;1018,24;0,00;0,00;;;;;;;;;;;;0,00;0,00;0,00;0,00;0,00;;;;;;;;;;;"YARNSCOLORS-MATP";34,71;113,00;72,69;59,59;70,87;78,02;59,59;78,02
"A5.FAC.588.K89MP1NC";"100%SE";"YARNSCOLORS-MATP";-1;8832625;"A5.FAC.588.K89";8832621;"Albany C4806 nm 3/140";"MP1NC";59,27;571,00;59,27;571,00;59,27;571,00;;;;0,00;60,27;"A5.FAC.588";"K89";0,00;0,00;0,00;60,27;0,00;0,00;;;;;;;;;;;;0,00;0,00;0,00;0,00;0,00;;;;;;;;;;;"YARNSCOLORS-MATP";34,71;113,00;72,69;;;;;
"A5.FAC.600.CS1ECRNC";"100%WV";"XINAO";-1;8854545;"A5.FAC.600.CS1";8823386;"Cashfeel RWS nm 2/48";"ECRNC";113,68;482,00;113,68;482,00;113,68;482,00;;;;0,00;114,68;"A5.FAC.600";"CS1";0,00;0,00;0,00;483,50;0,00;0,00;;;;;;;;;;;;0,00;0,00;0,00;0,00;0,00;;;;;;;;;;;"XINAO";289,35;1222,00;927,03;;;;;
"A5.FAC.600.N99ECRNC";"100%WV";"XINAO";-1;8854546;"A5.FAC.600.N99";8823386;"Cashfeel RWS nm 2/48";"ECRNC";225,46;915,00;225,46;915,00;225,46;915,00;;;;0,00;226,46;"A5.FAC.600";"N99";0,00;0,00;0,00;483,50;0,00;0,00;;;;;;;;;;;;0,00;0,00;0,00;0,00;0,00;;;;;;;;;;;"XINAO";289,35;1222,00;927,03;;;;;
"A5.FAC.600.U55ECRNC";"100%WV";"XINAO";-1;8854547;"A5.FAC.600.U55";8823386;"Cashfeel RWS nm 2/48";"ECRNC";141,34;579,00;141,34;579,00;141,34;579,00;;;;0,00;142,34;"A5.FAC.600";"U55";0,00;0,00;0,00;483,50;0,00;0,00;;;;;;;;;;;;0,00;0,00;0,00;0,00;0,00;;;;;;;;;;;"XINAO";289,35;1222,00;927,03;;;;;
"A5.FAC.601.B20MMFNC";"100%WV";"XINAO";-1;8832626;"A5.FAC.601.B20";8829187;"Empire nm2/60";"MMFNC";2896,85;10582,00;2896,85;10582,00;2896,85;10582,00;;;;0,00;2897,85;"A5.FAC.601";"B20";0,00;0,00;0,00;7388,50;0,00;0,00;;;;;;;;;;;;0,00;0,00;0,00;0,00;0,00;;;;;;;;;;;"XINAO";289,35;1222,00;927,03;587,88;587,88;587,88;587,88;587,88
"A5.FAC.601.BB4IBLNC";"100%WV";"XINAO";-1;8829188;"A5.FAC.601.BB4";8829187;"Empire nm2/60";"IBLNC";14,16;99,00;15,60;108,00;11,25;78,00;;;;0,00;16,60;"A5.FAC.601";"BB4";0,00;0,00;0,00;7388,50;0,00;0,00;;;;;;;;;;;;0,00;0,00;0,00;0,00;0,00;;;;;;;;;;;"XINAO";289,35;1222,00;927,03;;;;;
"A5.FAC.601.EC7MMFNC";"100%WV";"XINAO";-1;8832627;"A5.FAC.601.EC7";8829187;"Empire nm2/60";"MMFNC";541,31;2746,00;541,31;2746,00;541,31;2746,00;;;;0,00;542,31;"A5.FAC.601";"EC7";0,00;0,00;0,00;7388,50;0,00;0,00;;;;;;;;;;;;0,00;0,00;0,00;0,00;0,00;;;;;;;;;;;"XINAO";289,35;1222,00;927,03;9,60;9,60;9,60;9,60;9,60
"A5.FAC.601.ED2IBLNC";"100%WV";"XINAO";-1;8829189;"A5.FAC.601.ED2";8829187;"Empire nm2/60";"IBLNC";51,28;312,00;49,73;303,00;30,18;185,00;;;;0,00;50,73;"A5.FAC.601";"ED2";0,00;0,00;0,00;7388,50;0,00;0,00;;;;;;;;;;;;0,00;0,00;0,00;0,00;0,00;;;;;;;;;;;"XINAO";289,35;1222,00;927,03;;;;;
"A5.FAC.601.I32IBLNC";"100%WV";"XINAO";-1;8829190;"A5.FAC.601.I32";8829187;"Empire nm2/60";"IBLNC";14,03;124,00;14,33;125,00;9,22;80,00;;;;0,00;15,33;"A5.FAC.601";"I32";0,00;0,00;0,00;7388,50;0,00;0,00;;;;;;;;;;;;0,00;0,00;0,00;0,00;0,00;;;;;;;;;;;"XINAO";289,35;1222,00;927,03;;;;;
"A5.FAC.601.M29IBLNC";"100%WV";"XINAO";-1;8829191;"A5.FAC.601.M29";8829187;"Empire nm2/60";"IBLNC";125,62;819,00;124,87;813,00;83,10;544,00;;;;0,00;125,87;"A5.FAC.601";"M29";0,00;0,00;0,00;7388,50;0,00;0,00;;;;;;;;;;;;0,00;0,00;0,00;0,00;0,00;;;;;;;;;;;"XINAO";289,35;1222,00;927,03;;;;;
"A5.FAC.601.M67MMFNC";"100%WV";"XINAO";-1;8832628;"A5.FAC.601.M67";8829187;"Empire nm2/60";"MMFNC";2605,66;5963,00;2605,66;5963,00;2605,66;5963,00;;;;0,00;2606,66;"A5.FAC.601";"M67";0,00;0,00;0,00;7388,50;0,00;0,00;;;;;;;;;;;;0,00;0,00;0,00;0,00;0,00;;;;;;;;;;;"XINAO";289,35;1222,00;927,03;307,53;307,53;307,53;307,53;307,53
"A5.FAC.601.N99IBLNC";"100%WV";"XINAO";-1;8829193;"A5.FAC.601.N99";8829187;"Empire nm2/60";"IBLNC";85,90;560,00;86,66;565,00;60,29;393,00;;;;0,00;864,11;"A5.FAC.601";"N99";0,00;0,00;0,00;7388,50;0,00;0,00;;;;;;;;;;;;0,00;0,00;0,00;0,00;0,00;;;;;;;;;;;"XINAO";289,35;1222,00;927,03;;;;;
"A5.FAC.601.N99MMFNC";"100%WV";"XINAO";-1;8829193;"A5.FAC.601.N99";8829187;"Empire nm2/60";"MMFNC";776,44;3470,00;776,44;3470,00;776,44;3470,00;;;;0,00;864,11;"A5.FAC.601";"N99";0,00;0,00;0,00;7388,50;0,00;0,00;;;;;;;;;;;;0,00;0,00;0,00;0,00;0,00;;;;;;;;;;;"XINAO";289,35;1222,00;927,03;753,83;753,83;753,83;753,83;753,83
"A5.FAC.601.NE6IBLNC";"100%WV";"XINAO";-1;8829194;"A5.FAC.601.NE6";8829187;"Empire nm2/60";"IBLNC";53,12;328,00;54,10;332,00;39,77;246,00;;;;0,00;55,10;"A5.FAC.601";"NE6";0,00;0,00;0,00;7388,50;0,00;0,00;;;;;;;;;;;;0,00;0,00;0,00;0,00;0,00;;;;;;;;;;;"XINAO";289,35;1222,00;927,03;;;;;
"A5.FAC.601.REAIBLNC";"100%WV";"XINAO";-1;8829196;"A5.FAC.601.REA";8829187;"Empire nm2/60";"IBLNC";46,49;289,00;46,27;287,00;35,00;218,00;;;;0,00;47,27;"A5.FAC.601";"REA";0,00;0,00;0,00;7388,50;0,00;0,00;;;;;;;;;;;;0,00;0,00;0,00;0,00;0,00;;;;;;;;;;;"XINAO";289,35;1222,00;927,03;;;;;
"A5.FAC.601.T20MMFNC";"100%WV";"XINAO";-1;8832629;"A5.FAC.601.T20";8829187;"Empire nm2/60";"MMFNC";0,69;338,00;0,69;338,00;0,69;338,00;;;;0,00;1,69;"A5.FAC.601";"T20";0,00;0,00;0,00;7388,50;0,00;0,00;;;;;;;;;;;;0,00;0,00;0,00;0,00;0,00;;;;;;;;;;;"XINAO";289,35;1222,00;927,03;0,04;0,04;0,04;0,04;0,04
"A5.FAC.601.TB0IBLNC";"100%WV";"XINAO";-1;8829197;"A5.FAC.601.TB0";8829187;"Empire nm2/60";"IBLNC";85,33;479,00;81,48;458,00;58,60;327,00;;;;0,00;82,48;"A5.FAC.601";"TB0";0,00;0,00;0,00;7388,50;0,00;0,00;;;;;;;;;;;;0,00;0,00;0,00;0,00;0,00;;;;;;;;;;;"XINAO";289,35;1222,00;927,03;;;;;
"A5.FAC.601.UD5IBLNC";"100%WV";"XINAO";-1;8829198;"A5.FAC.601.UD5";8829187;"Empire nm2/60";"IBLNC";65,58;413,00;66,46;421,00;45,65;290,00;;;;0,00;67,46;"A5.FAC.601";"UD5";0,00;0,00;0,00;7388,50;0,00;0,00;;;;;;;;;;;;0,00;0,00;0,00;0,00;0,00;;;;;;;;;;;"XINAO";289,35;1222,00;927,03;;;;;
"A5.FAC.601.W80MMFNC";"100%WV";"XINAO";-1;8832630;"A5.FAC.601.W80";8829187;"Empire nm2/60";"MMFNC";13,98;464,00;13,98;464,00;13,98;464,00;;;;0,00;14,98;"A5.FAC.601";"W80";0,00;0,00;0,00;7388,50;0,00;0,00;;;;;;;;;;;;0,00;0,00;0,00;0,00;0,00;;;;;;;;;;;"XINAO";289,35;1222,00;927,03;;;;;
"A5.FAC.602.B20MS1NC";"100%WV";"XINAO";-1;8833985;"A5.FAC.602.B20";8819748;"Prime nm 2/60";"MS1NC";334,14;6048,00;334,14;6048,00;334,14;6048,00;;;;0,00;335,14;"A5.FAC.602";"B20";0,00;0,00;0,00;2380,37;0,00;0,00;;;;;;;;;;;;0,00;0,00;0,00;0,00;0,00;;;;;;;;;;;"XINAO";289,35;1222,00;927,03;324,41;324,41;324,41;324,41;324,41
"A5.FAC.602.E69MS1NC";"100%WV";"XINAO";-1;8833987;"A5.FAC.602.E69";8819748;"Prime nm 2/60";"MS1NC";63,30;389,00;63,30;389,00;63,30;389,00;;;;0,00;64,30;"A5.FAC.602";"E69";0,00;0,00;0,00;2380,37;0,00;0,00;;;;;;;;;;;;0,00;0,00;0,00;0,00;0,00;;;;;;;;;;;"XINAO";289,35;1222,00;927,03;61,46;61,46;61,46;61,46;61,46
"A5.FAC.602.EC1MS1NC";"100%WV";"XINAO";-1;8833989;"A5.FAC.602.EC1";8819748;"Prime nm 2/60";"MS1NC";54,69;479,00;54,69;479,00;54,69;479,00;;;;0,00;55,69;"A5.FAC.602";"EC1";0,00;0,00;0,00;2380,37;0,00;0,00;;;;;;;;;;;;0,00;0,00;0,00;0,00;0,00;;;;;;;;;;;"XINAO";289,35;1222,00;927,03;53,10;53,10;53,10;53,10;53,10
"A5.FAC.602.I22MS1NC";"100%WV";"XINAO";-1;8833990;"A5.FAC.602.I22";8819748;"Prime nm 2/60";"MS1NC";21,80;134,00;21,80;134,00;21,80;134,00;;;;0,00;22,80;"A5.FAC.602";"I22";0,00;0,00;0,00;2380,37;0,00;0,00;;;;;;;;;;;;0,00;0,00;0,00;0,00;0,00;;;;;;;;;;;"XINAO";289,35;1222,00;927,03;21,17;21,17;21,17;21,17;21,17
"A5.FAC.602.N21MS1NC";"100%WV";"XINAO";-1;8847887;"A5.FAC.602.N21";8819748;"Prime nm 2/60";"MS1NC";29,56;214,00;29,56;214,00;29,56;214,00;;;;0,00;30,56;"A5.FAC.602";"N21";0,00;0,00;0,00;2380,37;0,00;0,00;;;;;;;;;;;;0,00;0,00;0,00;0,00;0,00;;;;;;;;;;;"XINAO";289,35;1222,00;927,03;28,70;28,70;28,70;28,70;28,70
"A5.FAC.602.N50MS1NC";"100%WV";"XINAO";-1;8833991;"A5.FAC.602.N50";8819748;"Prime nm 2/60";"MS1NC";33,07;197,00;33,07;197,00;33,07;197,00;;;;0,00;34,07;"A5.FAC.602";"N50";0,00;0,00;0,00;2380,37;0,00;0,00;;;;;;;;;;;;0,00;0,00;0,00;0,00;0,00;;;;;;;;;;;"XINAO";289,35;1222,00;927,03;32,11;32,11;32,11;32,11;32,11
"A5.FAC.602.N99MS1NC";"100%WV";"XINAO";-1;8833993;"A5.FAC.602.N99";8819748;"Prime nm 2/60";"MS1NC";231,07;1859,00;231,07;1859,00;231,07;1859,00;;;;0,00;232,07;"A5.FAC.602";"N99";0,00;0,00;0,00;2380,37;0,00;0,00;;;;;;;;;;;;0,00;0,00;0,00;0,00;0,00;;;;;;;;;;;"XINAO";289,35;1222,00;927,03;224,34;224,34;224,34;224,34;224,34
"A5.FAC.602.TB0MS1NC";"100%WV";"XINAO";-1;8833998;"A5.FAC.602.TB0";8819748;"Prime nm 2/60";"MS1NC";85,60;526,00;85,60;526,00;85,60;526,00;;;;0,00;86,60;"A5.FAC.602";"TB0";0,00;0,00;0,00;2380,37;0,00;0,00;;;;;;;;;;;;0,00;0,00;0,00;0,00;0,00;;;;;;;;;;;"XINAO";289,35;1222,00;927,03;83,10;83,10;83,10;83,10;83,10
"A5.FAC.602.UD9MS1NC";"100%WV";"XINAO";-1;8834000;"A5.FAC.602.UD9";8819748;"Prime nm 2/60";"MS1NC";1008,15;8245,00;1008,15;8245,00;1008,15;8245,00;;;;0,00;1009,15;"A5.FAC.602";"UD9";0,00;0,00;0,00;2380,37;0,00;0,00;;;;;;;;;;;;0,00;0,00;0,00;0,00;0,00;;;;;;;;;;;"XINAO";289,35;1222,00;927,03;978,79;978,79;978,79;978,79;978,79
"A5.FAC.602.WE5MS1NC";"100%WV";"XINAO";-1;8834001;"A5.FAC.602.WE5";8819748;"Prime nm 2/60";"MS1NC";508,94;3387,00;508,94;3387,00;508,94;3387,00;;;;0,00;509,94;"A5.FAC.602";"WE5";0,00;0,00;0,00;2380,37;0,00;0,00;;;;;;;;;;;;0,00;0,00;0,00;0,00;0,00;;;;;;;;;;;"XINAO";289,35;1222,00;927,03;494,12;494,12;494,12;494,12;494,12
"A5.FAC.608.B20MA1NC";"100%WS";"NINGXIAXINAO";-1;8823388;"A5.FAC.608.B20";8804602;"Prestige nm 2/26";"MA1NC";269,69;5963,00;250,36;5508,00;172,68;3825,00;;;;0,00;251,36;"A5.FAC.608";"B20";0,00;0,00;0,00;1777,93;0,00;0,00;;;;;;;;;;;;0,00;0,00;0,00;0,00;0,00;;;;;;;;;;;"NINGXIAXINAO";2425,00;2425,00;;;;;;
"A5.FAC.608.ED2MA1NC";"100%WS";"NINGXIAXINAO";-1;8823390;"A5.FAC.608.ED2";8804602;"Prestige nm 2/26";"MA1NC";652,43;4289,00;590,75;3936,00;427,12;2777,00;;;;0,00;591,75;"A5.FAC.608";"ED2";0,00;0,00;0,00;1777,93;0,00;0,00;;;;;;;;;;;;0,00;0,00;0,00;0,00;0,00;;;;;;;;;;;"NINGXIAXINAO";2425,00;2425,00;;;;;;
"A5.FAC.608.EHAMA1NC";"100%WS";"NINGXIAXINAO";-1;8846787;"A5.FAC.608.EHA";8804602;"Prestige nm 2/26";"MA1NC";65,32;273,00;58,11;244,00;37,14;156,00;;;;0,00;59,11;"A5.FAC.608";"EHA";0,00;0,00;0,00;1777,93;0,00;0,00;;;;;;;;;;;;0,00;0,00;0,00;0,00;0,00;;;;;;;;;;;"NINGXIAXINAO";2425,00;2425,00;;;;;;
"A5.FAC.608.GB7MA1NC";"100%WS";"NINGXIAXINAO";-1;8843738;"A5.FAC.608.GB7";8804602;"Prestige nm 2/26";"MA1NC";93,96;449,00;89,79;431,00;72,79;350,00;;;;0,00;90,79;"A5.FAC.608";"GB7";0,00;0,00;0,00;1777,93;0,00;0,00;;;;;;;;;;;;0,00;0,00;0,00;0,00;0,00;;;;;;;;;;;"NINGXIAXINAO";2425,00;2425,00;;;;;;
"A5.FAC.608.N04MA1NC";"100%WS";"NINGXIAXINAO";-1;8823393;"A5.FAC.608.N04";8804602;"Prestige nm 2/26";"MA1NC";51,66;3384,00;49,52;3141,00;28,66;2186,00;;;;0,00;50,52;"A5.FAC.608";"N04";0,00;0,00;0,00;1777,93;0,00;0,00;;;;;;;;;;;;0,00;0,00;0,00;0,00;0,00;;;;;;;;;;;"NINGXIAXINAO";2425,00;2425,00;;;;;;
"A5.FAC.608.N15MA1NC";"100%WS";"NINGXIAXINAO";-1;8823394;"A5.FAC.608.N15";8804602;"Prestige nm 2/26";"MA1NC";97,06;429,00;89,46;395,00;55,09;246,00;;;;0,00;90,46;"A5.FAC.608";"N15";0,00;0,00;0,00;1777,93;0,00;0,00;;;;;;;;;;;;0,00;0,00;0,00;0,00;0,00;;;;;;;;;;;"NINGXIAXINAO";2425,00;2425,00;;;;;;
"A5.FAC.608.N99MA1NC";"100%WS";"NINGXIAXINAO";-1;8823395;"A5.FAC.608.N99";8804602;"Prestige nm 2/26";"MA1NC";73,43;878,00;71,49;823,00;47,07;556,00;;;;0,00;72,49;"A5.FAC.608";"N99";0,00;0,00;0,00;1777,93;0,00;0,00;;;;;;;;;;;;0,00;0,00;0,00;0,00;0,00;;;;;;;;;;;"NINGXIAXINAO";2425,00;2425,00;;;;;;
"A5.FAC.608.R45MA1NC";"100%WS";"NINGXIAXINAO";-1;8957368;"A5.FAC.608.R45";8804602;"Prestige nm 2/26";"MA1NC";313,65;2394,00;287,88;2203,00;204,37;1516,00;;;;0,00;288,88;"A5.FAC.608";"R45";0,00;0,00;0,00;1777,93;0,00;0,00;;;;;;;;;;;;0,00;0,00;0,00;0,00;0,00;;;;;;;;;;;"NINGXIAXINAO";2425,00;2425,00;;;;;;
"A5.FAC.608.T17MA1NC";"100%WS";"NINGXIAXINAO";-1;8823396;"A5.FAC.608.T17";8804602;"Prestige nm 2/26";"MA1NC";52,26;2420,00;49,92;2225,00;30,88;1536,00;;;;0,00;50,92;"A5.FAC.608";"T17";0,00;0,00;0,00;1777,93;0,00;0,00;;;;;;;;;;;;0,00;0,00;0,00;0,00;0,00;;;;;;;;;;;"NINGXIAXINAO";2425,00;2425,00;;;;;;
"A5.FAC.608.UD1MA1NC";"100%WS";"NINGXIAXINAO";-1;8823398;"A5.FAC.608.UD1";8804602;"Prestige nm 2/26";"MA1NC";164,90;2017,00;156,87;1881,00;102,24;1248,00;;;;0,00;157,87;"A5.FAC.608";"UD1";0,00;0,00;0,00;1777,93;0,00;0,00;;;;;;;;;;;;0,00;0,00;0,00;0,00;0,00;;;;;;;;;;;"NINGXIAXINAO";2425,00;2425,00;;;;;;
"A5.FAC.608.W80MA1NC";"100%WS";"NINGXIAXINAO";-1;8823399;"A5.FAC.608.W80";8804602;"Prestige nm 2/26";"MA1NC";76,49;376,00;72,73;356,00;52,61;257,00;;;;0,00;73,73;"A5.FAC.608";"W80";0,00;0,00;0,00;1777,93;0,00;0,00;;;;;;;;;;;;0,00;0,00;0,00;0,00;0,00;;;;;;;;;;;"NINGXIAXINAO";2425,00;2425,00;;;;;;
"A5.FAC.609.B01MIBNC";"100%WV";"XINAO";-1;8834002;"A5.FAC.609.B01";8823400;"Cashfeel nm 2/48";"MIBNC";257,76;1293,00;257,76;1293,00;257,76;1293,00;;;;0,00;258,76;"A5.FAC.609";"B01";0,00;0,00;0,00;526,15;0,00;0,00;;;;;;;;;;;;0,00;0,00;0,00;0,00;0,00;;;;;;;;;;;"XINAO";289,35;1222,00;927,03;;;;;
"A5.FAC.609.BB4MORNC";"100%WV";"XINAO";-1;8844922;"A5.FAC.609.BB4";8823400;"Cashfeel nm 2/48";"MORNC";46,09;233,00;44,70;226,00;33,02;167,00;;;;0,00;45,70;"A5.FAC.609";"BB4";0,00;0,00;0,00;526,15;0,00;0,00;;;;;;;;;;;;0,00;0,00;0,00;0,00;0,00;;;;;;;;;;;"XINAO";289,35;1222,00;927,03;;;;;
"A5.FAC.609.BS4MIBNC";"100%WV";"XINAO";-1;8834003;"A5.FAC.609.BS4";8823400;"Cashfeel nm 2/48";"MIBNC";55,23;250,00;55,23;250,00;55,23;250,00;;;;0,00;56,23;"A5.FAC.609";"BS4";0,00;0,00;0,00;526,15;0,00;0,00;;;;;;;;;;;;0,00;0,00;0,00;0,00;0,00;;;;;;;;;;;"XINAO";289,35;1222,00;927,03;;;;;
"A5.FAC.609.N99MIBNC";"100%WV";"XINAO";-1;8844566;"A5.FAC.609.N99";8823400;"Cashfeel nm 2/48";"MIBNC";41,84;198,00;41,84;198,00;41,84;198,00;;;;0,00;158,72;"A5.FAC.609";"N99";0,00;0,00;0,00;526,15;0,00;0,00;;;;;;;;;;;;0,00;0,00;0,00;0,00;0,00;;;;;;;;;;;"XINAO";289,35;1222,00;927,03;;;;;
"A5.FAC.609.N99MORNC";"100%WV";"XINAO";-1;8844566;"A5.FAC.609.N99";8823400;"Cashfeel nm 2/48";"MORNC";129,52;671,00;115,87;600,00;77,95;404,00;;;;0,00;158,72;"A5.FAC.609";"N99";0,00;0,00;0,00;526,15;0,00;0,00;;;;;;;;;;;;0,00;0,00;0,00;0,00;0,00;;;;;;;;;;;"XINAO";289,35;1222,00;927,03;;;;;
"A5.FAC.609.UB2MORNC";"100%WV";"XINAO";-1;8844923;"A5.FAC.609.UB2";8823400;"Cashfeel nm 2/48";"MORNC";5,90;233,00;5,72;226,00;4,23;167,00;;;;0,00;6,72;"A5.FAC.609";"UB2";0,00;0,00;0,00;526,15;0,00;0,00;;;;;;;;;;;;0,00;0,00;0,00;0,00;0,00;;;;;;;;;;;"XINAO";289,35;1222,00;927,03;;;;;
"A5.FAC.611.B38MORNC";"70%WO + 30%WS";"NINGXIAXINAO";-1;8832631;"A5.FAC.611.B38";8823402;"70%WO 30%WS nm2/18";"MORNC";708,43;4716,00;634,50;4285,00;447,28;3064,00;;;;0,00;635,50;"A5.FAC.611";"B38";0,00;0,00;0,00;4661,39;0,00;0,00;;;;;;;;;;;;0,00;0,00;0,00;0,00;0,00;;;;;;;;;;;"NINGXIAXINAO";2425,00;2425,00;;4,57;5,82;6,30;4,57;6,30
"A5.FAC.611.BB6DIFNC";"70%WO + 30%WS";"NINGXIAXINAO";-1;8844924;"A5.FAC.611.BB6";8823402;"70%WO 30%WS nm2/18";"DIFNC";108,15;1100,00;108,15;1100,00;108,15;1100,00;;;;0,00;109,15;"A5.FAC.611";"BB6";0,00;0,00;0,00;4661,39;0,00;0,00;;;;;;;;;;;;0,00;0,00;0,00;0,00;0,00;;;;;;;;;;;"NINGXIAXINAO";2425,00;2425,00;;;;;;
"A5.FAC.611.E72DIFNC";"70%WO + 30%WS";"NINGXIAXINAO";-1;8989223;"A5.FAC.611.E72";8823402;"70%WO 30%WS nm2/18";"DIFNC";408,80;1900,00;408,80;1900,00;408,80;1900,00;;;;0,00;409,80;"A5.FAC.611";"E72";0,00;0,00;0,00;4661,39;0,00;0,00;;;;;;;;;;;;0,00;0,00;0,00;0,00;0,00;;;;;;;;;;;"NINGXIAXINAO";2425,00;2425,00;;;;;;
"A5.FAC.611.ED8MORNC";"70%WO + 30%WS";"NINGXIAXINAO";-1;8832632;"A5.FAC.611.ED8";8823402;"70%WO 30%WS nm2/18";"MORNC";117,50;646,00;107,26;593,00;70,13;403,00;;;;0,00;108,26;"A5.FAC.611";"ED8";0,00;0,00;0,00;4661,39;0,00;0,00;;;;;;;;;;;;0,00;0,00;0,00;0,00;0,00;;;;;;;;;;;"NINGXIAXINAO";2425,00;2425,00;;;;;;
"A5.FAC.611.I22MORNC";"70%WO + 30%WS";"NINGXIAXINAO";-1;8832634;"A5.FAC.611.I22";8823402;"70%WO 30%WS nm2/18";"MORNC";202,18;735,00;188,23;688,00;150,38;552,00;;;;0,00;189,23;"A5.FAC.611";"I22";0,00;0,00;0,00;4661,39;0,00;0,00;;;;;;;;;;;;0,00;0,00;0,00;0,00;0,00;;;;;;;;;;;"NINGXIAXINAO";2425,00;2425,00;;;;;;
"A5.FAC.611.MC8MORNC";"70%WO + 30%WS";"NINGXIAXINAO";-1;8946682;"A5.FAC.611.MC8";8823402;"70%WO 30%WS nm2/18";"MORNC";58,13;230,00;57,72;231,00;41,81;170,00;;;;0,00;58,72;"A5.FAC.611";"MC8";0,00;0,00;0,00;4661,39;0,00;0,00;;;;;;;;;;;;0,00;0,00;0,00;0,00;0,00;;;;;;;;;;;"NINGXIAXINAO";2425,00;2425,00;;;;;;
"A5.FAC.611.N13DIFNC";"70%WO + 30%WS";"NINGXIAXINAO";-1;8989224;"A5.FAC.611.N13";8823402;"70%WO 30%WS nm2/18";"DIFNC";185,40;800,00;185,40;800,00;185,40;800,00;;;;0,00;186,40;"A5.FAC.611";"N13";0,00;0,00;0,00;4661,39;0,00;0,00;;;;;;;;;;;;0,00;0,00;0,00;0,00;0,00;;;;;;;;;;;"NINGXIAXINAO";2425,00;2425,00;;;;;;
"A5.FAC.611.N48MORNC";"70%WO + 30%WS";"NINGXIAXINAO";-1;8832635;"A5.FAC.611.N48";8823402;"70%WO 30%WS nm2/18";"MORNC";480,32;3793,00;434,49;3473,00;315,33;2444,00;;;;0,00;435,49;"A5.FAC.611";"N48";0,00;0,00;0,00;4661,39;0,00;0,00;;;;;;;;;;;;0,00;0,00;0,00;0,00;0,00;;;;;;;;;;;"NINGXIAXINAO";2425,00;2425,00;;;;;;
"A5.FAC.611.N52DIFNC";"70%WO + 30%WS";"NINGXIAXINAO";-1;8989225;"A5.FAC.611.N52";8823402;"70%WO 30%WS nm2/18";"DIFNC";2,57;500,00;2,57;500,00;2,57;500,00;;;;0,00;3,57;"A5.FAC.611";"N52";0,00;0,00;0,00;4661,39;0,00;0,00;;;;;;;;;;;;0,00;0,00;0,00;0,00;0,00;;;;;;;;;;;"NINGXIAXINAO";2425,00;2425,00;;;;;;
"A5.FAC.611.N99DIFNC";"70%WO + 30%WS";"NINGXIAXINAO";-1;8849598;"A5.FAC.611.N99";8823402;"70%WO 30%WS nm2/18";"DIFNC";185,40;800,00;185,40;800,00;185,40;800,00;;;;0,00;392,33;"A5.FAC.611";"N99";0,00;0,00;0,00;4661,39;0,00;0,00;;;;;;;;;;;;0,00;0,00;0,00;0,00;0,00;;;;;;;;;;;"NINGXIAXINAO";2425,00;2425,00;;;;;;
"A5.FAC.611.N99MORNC";"70%WO + 30%WS";"NINGXIAXINAO";-1;8849598;"A5.FAC.611.N99";8823402;"70%WO 30%WS nm2/18";"MORNC";223,56;1003,00;205,93;924,00;143,53;644,00;;;;0,00;392,33;"A5.FAC.611";"N99";0,00;0,00;0,00;4661,39;0,00;0,00;;;;;;;;;;;;0,00;0,00;0,00;0,00;0,00;;;;;;;;;;;"NINGXIAXINAO";2425,00;2425,00;;;;;;
"A5.FAC.611.RB7MORNC";"70%WO + 30%WS";"NINGXIAXINAO";-1;8832636;"A5.FAC.611.RB7";8823402;"70%WO 30%WS nm2/18";"MORNC";282,52;2063,00;259,10;1871,00;184,40;1339,00;;;;0,00;260,10;"A5.FAC.611";"RB7";0,00;0,00;0,00;4661,39;0,00;0,00;;;;;;;;;;;;0,00;0,00;0,00;0,00;0,00;;;;;;;;;;;"NINGXIAXINAO";2425,00;2425,00;;;;;;
"A5.FAC.611.UD1DIFNC";"70%WO + 30%WS";"NINGXIAXINAO";-1;8832637;"A5.FAC.611.UD1";8823402;"70%WO 30%WS nm2/18";"DIFNC";314,56;1400,00;314,56;1400,00;314,56;1400,00;;;;0,00;838,39;"A5.FAC.611";"UD1";0,00;0,00;0,00;4661,39;0,00;0,00;;;;;;;;;;;;0,00;0,00;0,00;0,00;0,00;;;;;;;;;;;"NINGXIAXINAO";2425,00;2425,00;;;;;;
"A5.FAC.611.UD1MORNC";"70%WO + 30%WS";"NINGXIAXINAO";-1;8832637;"A5.FAC.611.UD1";8823402;"70%WO 30%WS nm2/18";"MORNC";579,76;4928,00;522,83;4445,00;374,66;3193,00;;;;0,00;838,39;"A5.FAC.611";"UD1";0,00;0,00;0,00;4661,39;0,00;0,00;;;;;;;;;;;;0,00;0,00;0,00;0,00;0,00;;;;;;;;;;;"NINGXIAXINAO";2425,00;2425,00;;;;;;
"A5.FAC.611.W83MORNC";"70%WO + 30%WS";"NINGXIAXINAO";-1;8832638;"A5.FAC.611.W83";8823402;"70%WO 30%WS nm2/18";"MORNC";833,63;4066,00;737,02;3628,00;525,68;2536,00;;;;0,00;738,02;"A5.FAC.611";"W83";0,00;0,00;0,00;4661,39;0,00;0,00;;;;;;;;;;;;0,00;0,00;0,00;0,00;0,00;;;;;;;;;;;"NINGXIAXINAO";2425,00;2425,00;;;;;;
"A5.FAC.611.WG4MORNC";"70%WO + 30%WS";"NINGXIAXINAO";-1;8903831;"A5.FAC.611.WG4";8823402;"70%WO 30%WS nm2/18";"MORNC";67,09;259,00;65,59;254,00;43,39;168,00;;;;0,00;66,59;"A5.FAC.611";"WG4";0,00;0,00;0,00;4661,39;0,00;0,00;;;;;;;;;;;;0,00;0,00;0,00;0,00;0,00;;;;;;;;;;;"NINGXIAXINAO";2425,00;2425,00;;;;;;
"A5.FAC.611.Z17MORNC";"70%WO + 30%WS";"NINGXIAXINAO";-1;8832639;"A5.FAC.611.Z17";8823402;"70%WO 30%WS nm2/18";"MORNC";237,98;1356,00;213,79;1223,00;161,89;914,00;;;;0,00;214,79;"A5.FAC.611";"Z17";0,00;0,00;0,00;4661,39;0,00;0,00;;;;;;;;;;;;0,00;0,00;0,00;0,00;0,00;;;;;;;;;;;"NINGXIAXINAO";2425,00;2425,00;;131,49;165,54;178,98;131,49;178,98
"A5.FAC.611.Z34MORNC";"70%WO + 30%WS";"NINGXIAXINAO";-1;8832640;"A5.FAC.611.Z34";8823402;"70%WO 30%WS nm2/18";"MORNC";13,26;56,00;13,97;59,00;10,89;46,00;;;;0,00;14,97;"A5.FAC.611";"Z34";0,00;0,00;0,00;4661,39;0,00;0,00;;;;;;;;;;;;0,00;0,00;0,00;0,00;0,00;;;;;;;;;;;"NINGXIAXINAO";2425,00;2425,00;;;;;;
"A5.FAC.613.EB0IBLNC";"86%WO + 10%PA + 4%MZ";"XINAO";-1;8828861;"A5.FAC.613.EB0";8828860;"Galaxy nm2/56";"IBLNC";16,01;92,00;16,71;96,00;11,48;66,00;;;;0,00;17,71;"A5.FAC.613";"EB0";0,00;0,00;0,00;219,87;0,00;0,00;;;;;;;;;;;;0,00;0,00;0,00;0,00;0,00;;;;;;;;;;;"XINAO";289,35;1222,00;927,03;;;;;
"A5.FAC.613.N99IBLNC";"86%WO + 10%PA + 4%MZ";"XINAO";-1;8828862;"A5.FAC.613.N99";8828860;"Galaxy nm2/56";"IBLNC";67,24;404,00;66,77;401,00;45,85;275,00;;;;0,00;67,77;"A5.FAC.613";"N99";0,00;0,00;0,00;219,87;0,00;0,00;;;;;;;;;;;;0,00;0,00;0,00;0,00;0,00;;;;;;;;;;;"XINAO";289,35;1222,00;927,03;;;;;
"A5.FAC.613.RD8IBLNC";"86%WO + 10%PA + 4%MZ";"XINAO";-1;8828863;"A5.FAC.613.RD8";8828860;"Galaxy nm2/56";"IBLNC";93,54;548,00;90,60;531,00;63,68;373,00;;;;0,00;91,60;"A5.FAC.613";"RD8";0,00;0,00;0,00;219,87;0,00;0,00;;;;;;;;;;;;0,00;0,00;0,00;0,00;0,00;;;;;;;;;;;"XINAO";289,35;1222,00;927,03;;;;;
"A5.FAC.613.RG0IBLNC";"86%WO + 10%PA + 4%MZ";"XINAO";-1;8828864;"A5.FAC.613.RG0";8828860;"Galaxy nm2/56";"IBLNC";14,27;82,00;14,97;86,00;10,44;60,00;;;;0,00;15,97;"A5.FAC.613";"RG0";0,00;0,00;0,00;219,87;0,00;0,00;;;;;;;;;;;;0,00;0,00;0,00;0,00;0,00;;;;;;;;;;;"XINAO";289,35;1222,00;927,03;;;;;
"A5.FAC.613.W93IBLNC";"86%WO + 10%PA + 4%MZ";"XINAO";-1;8828865;"A5.FAC.613.W93";8828860;"Galaxy nm2/56";"IBLNC";25,28;146,00;25,81;149,00;18,33;106,00;;;;0,00;26,81;"A5.FAC.613";"W93";0,00;0,00;0,00;219,87;0,00;0,00;;;;;;;;;;;;0,00;0,00;0,00;0,00;0,00;;;;;;;;;;;"XINAO";289,35;1222,00;927,03;;;;;
"A5.FAC.614.B20MS1NC";"100%WO";"NINGXIAXINAO";-1;8834004;"A5.FAC.614.B20";8819750;"Pure nm2/36";"MS1NC";242,27;976,00;242,27;976,00;242,27;976,00;;;;0,00;243,27;"A5.FAC.614";"B20";0,00;0,00;0,00;4512,67;0,00;0,00;;;;;;;;;;;;0,00;0,00;0,00;0,00;0,00;;;;;;;;;;;"NINGXIAXINAO";2425,00;2425,00;;235,21;235,21;235,21;235,21;235,21
"A5.FAC.614.E69MS1NC";"100%WO";"NINGXIAXINAO";-1;8834005;"A5.FAC.614.E69";8819750;"Pure nm2/36";"MS1NC";1787,52;11167,00;1787,52;11167,00;1787,52;11167,00;;;;0,00;1788,52;"A5.FAC.614";"E69";0,00;0,00;0,00;4512,67;0,00;0,00;;;;;;;;;;;;0,00;0,00;0,00;0,00;0,00;;;;;;;;;;;"NINGXIAXINAO";2425,00;2425,00;;1735,46;1735,46;1735,46;1735,46;1735,46
"A5.FAC.614.G65MS1NC";"100%WO";"NINGXIAXINAO";-1;8893985;"A5.FAC.614.G65";8819750;"Pure nm2/36";"MS1NC";63,08;232,00;63,08;232,00;63,08;232,00;;;;0,00;64,08;"A5.FAC.614";"G65";0,00;0,00;0,00;4512,67;0,00;0,00;;;;;;;;;;;;0,00;0,00;0,00;0,00;0,00;;;;;;;;;;;"NINGXIAXINAO";2425,00;2425,00;;61,24;61,24;61,24;61,24;61,24
"A5.FAC.614.N54MS1NC";"100%WO";"NINGXIAXINAO";-1;8834007;"A5.FAC.614.N54";8819750;"Pure nm2/36";"MS1NC";622,63;1860,00;622,63;1860,00;622,63;1860,00;;;;0,00;623,63;"A5.FAC.614";"N54";0,00;0,00;0,00;4512,67;0,00;0,00;;;;;;;;;;;;0,00;0,00;0,00;0,00;0,00;;;;;;;;;;;"NINGXIAXINAO";2425,00;2425,00;;604,50;604,50;604,50;604,50;604,50
"A5.FAC.614.N99MS1NC";"100%WO";"NINGXIAXINAO";-1;8834008;"A5.FAC.614.N99";8819750;"Pure nm2/36";"MS1NC";444,57;1791,00;444,57;1791,00;444,57;1791,00;;;;0,00;445,57;"A5.FAC.614";"N99";0,00;0,00;0,00;4512,67;0,00;0,00;;;;;;;;;;;;0,00;0,00;0,00;0,00;0,00;;;;;;;;;;;"NINGXIAXINAO";2425,00;2425,00;;431,63;431,63;431,63;431,63;431,63
"A5.FAC.614.Q41MS1NC";"100%WO";"NINGXIAXINAO";-1;8834009;"A5.FAC.614.Q41";8819750;"Pure nm2/36";"MS1NC";26,92;99,00;26,92;99,00;26,92;99,00;;;;0,00;27,92;"A5.FAC.614";"Q41";0,00;0,00;0,00;4512,67;0,00;0,00;;;;;;;;;;;;0,00;0,00;0,00;0,00;0,00;;;;;;;;;;;"NINGXIAXINAO";2425,00;2425,00;;26,13;26,13;26,13;26,13;26,13
"A5.FAC.614.RB2MS1NC";"100%WO";"NINGXIAXINAO";-1;8834010;"A5.FAC.614.RB2";8819750;"Pure nm2/36";"MS1NC";240,92;886,00;240,92;886,00;240,92;886,00;;;;0,00;241,92;"A5.FAC.614";"RB2";0,00;0,00;0,00;4512,67;0,00;0,00;;;;;;;;;;;;0,00;0,00;0,00;0,00;0,00;;;;;;;;;;;"NINGXIAXINAO";2425,00;2425,00;;233,90;233,90;233,90;233,90;233,90
"A5.FAC.614.UD9MS1NC";"100%WO";"NINGXIAXINAO";-1;8834011;"A5.FAC.614.UD9";8819750;"Pure nm2/36";"MS1NC";1076,73;3382,00;1076,73;3382,00;1076,73;3382,00;;;;0,00;1077,73;"A5.FAC.614";"UD9";0,00;0,00;0,00;4512,67;0,00;0,00;;;;;;;;;;;;0,00;0,00;0,00;0,00;0,00;;;;;;;;;;;"NINGXIAXINAO";2425,00;2425,00;;1045,37;1045,37;1045,37;1045,37;1045,37
"A5.FAC.617.KF0IBLNC";"100%WV";"XINAO";-1;8828891;"A5.FAC.617.KF0";8828866;"Empire nm2/80";"IBLNC";130,78;119,00;130,78;119,00;86,82;79,00;;;;0,00;131,78;"A5.FAC.617";"KF0";0,00;0,00;0,00;203,92;0,00;0,00;;;;;;;;;;;;0,00;0,00;0,00;0,00;0,00;;;;;;;;;;;"XINAO";289,35;1222,00;927,03;;;;;
"A5.FAC.617.N99IBLNC";"100%WV";"XINAO";-1;8828867;"A5.FAC.617.N99";8828866;"Empire nm2/80";"IBLNC";21,32;167,00;20,69;162,00;14,68;115,00;;;;0,00;21,69;"A5.FAC.617";"N99";0,00;0,00;0,00;203,92;0,00;0,00;;;;;;;;;;;;0,00;0,00;0,00;0,00;0,00;;;;;;;;;;;"XINAO";289,35;1222,00;927,03;;;;;
"A5.FAC.617.NG3IBLNC";"100%WV";"XINAO";-1;8828892;"A5.FAC.617.NG3";8828866;"Empire nm2/80";"IBLNC";48,35;44,00;49,45;45,00;36,26;33,00;;;;0,00;50,45;"A5.FAC.617";"NG3";0,00;0,00;0,00;203,92;0,00;0,00;;;;;;;;;;;;0,00;0,00;0,00;0,00;0,00;;;;;;;;;;;"XINAO";289,35;1222,00;927,03;;;;;
"A5.FAC.904.B40WEPNC";"100%CO";"FALKO-MATP";-1;8888339;"A5.FAC.904.B40";8844656;"Louisiana nm6250";"WEPNC";2081,73;12768,00;2081,73;12768,00;2081,73;12768,00;;;;32,45;2115,18;"A5.FAC.904";"B40";0,00;0,00;0,00;6288,16;99,16;0,00;;;;;;;;;;;;0,00;0,00;0,00;0,00;0,00;;;;;;;;;;;"FALKO-MATP";;;;238,37;238,37;238,37;238,37;238,37
"A5.FAC.904.M00WEPNC";"100%CO";"FALKO-MATP";-1;8888335;"A5.FAC.904.M00";8844656;"Louisiana nm6250";"WEPNC";59,14;290,00;59,14;290,00;59,14;290,00;;;;2,24;62,38;"A5.FAC.904";"M00";0,00;0,00;0,00;6288,16;99,16;0,00;;;;;;;;;;;;0,00;0,00;0,00;0,00;0,00;;;;;;;;;;;"FALKO-MATP";;;;57,42;57,42;57,42;57,42;57,42
"A5.FAC.904.MB8WEPNC";"100%CO";"FALKO-MATP";-1;8888338;"A5.FAC.904.MB8";8844656;"Louisiana nm6250";"WEPNC";358,83;1099,00;358,83;1099,00;358,83;1099,00;;;;6,86;366,69;"A5.FAC.904";"MB8";0,00;0,00;0,00;6288,16;99,16;0,00;;;;;;;;;;;;0,00;0,00;0,00;0,00;0,00;;;;;;;;;;;"FALKO-MATP";;;;348,38;348,38;348,38;348,38;348,38
"A5.FAC.904.N98WEPNC";"100%CO";"FALKO-MATP";-1;8844664;"A5.FAC.904.N98";8844656;"Louisiana nm6250";"WEPNC";115,55;831,00;115,55;831,00;115,55;831,00;;;;1,66;118,21;"A5.FAC.904";"N98";0,00;0,00;0,00;6288,16;99,16;0,00;;;;;;;;;;;;0,00;0,00;0,00;0,00;0,00;;;;;;;;;;;"FALKO-MATP";;;;112,18;112,18;112,18;112,18;112,18
"A5.FAC.904.R34WEPNC";"100%CO";"FALKO-MATP";-1;8844669;"A5.FAC.904.R34";8844656;"Louisiana nm6250";"WEPNC";1367,59;6473,00;1367,59;6473,00;1367,59;6473,00;;;;19,49;1388,08;"A5.FAC.904";"R34";0,00;0,00;0,00;6288,16;99,16;0,00;;;;;;;;;;;;0,00;0,00;0,00;0,00;0,00;;;;;;;;;;;"FALKO-MATP";;;;;;;;
"A5.FAC.904.S78WEPNC";"100%CO";"FALKO-MATP";-1;8888336;"A5.FAC.904.S78";8844656;"Louisiana nm6250";"WEPNC";926,96;2839,00;926,96;2839,00;926,96;2839,00;;;;11,10;939,06;"A5.FAC.904";"S78";0,00;0,00;0,00;6288,16;99,16;0,00;;;;;;;;;;;;0,00;0,00;0,00;0,00;0,00;;;;;;;;;;;"FALKO-MATP";;;;899,96;899,96;899,96;899,96;899,96
"A5.FAC.904.U55WEPNC";"100%CO";"FALKO-MATP";-1;8844671;"A5.FAC.904.U55";8844656;"Louisiana nm6250";"WEPNC";1158,19;9190,00;1158,19;9190,00;1158,19;9190,00;;;;23,72;1182,91;"A5.FAC.904";"U55";0,00;0,00;0,00;6288,16;99,16;0,00;;;;;;;;;;;;0,00;0,00;0,00;0,00;0,00;;;;;;;;;;;"FALKO-MATP";;;;;;;;
"A5.FAC.904.W14WEPNC";"100%CO";"FALKO-MATP";-1;8888337;"A5.FAC.904.W14";8844656;"Louisiana nm6250";"WEPNC";112,98;831,00;112,98;831,00;112,98;831,00;;;;1,64;115,62;"A5.FAC.904";"W14";0,00;0,00;0,00;6288,16;99,16;0,00;;;;;;;;;;;;0,00;0,00;0,00;0,00;0,00;;;;;;;;;;;"FALKO-MATP";;;;109,69;109,69;109,69;109,69;109,69
"A5.FIL.003.EB6E1M";"100%CO";"MILLEFILI";-1;8808465;"A5.FIL.003.EB6";8738851;"Let's twist again nm3,6 GOTS";"E1M";1227,36;3522,00;1227,36;3522,00;1227,36;3522,00;1066,00;;9,76;6,24;-0,79;"A5.FIL.003";"EB6";1066,00;0,00;9,76;-0,79;6,24;6,27;6,27;"MILLEFILI";1230;;;;;;;1230,00;1075,75;1230,00;0,00;0,00;0,00;1230,00;158,65;1075,75;1230,00;0,00;0,00;0,00;1230,00;158,65;"MILLEFILI";;"MILLEFILI";1063,65;3416,00;2431,92;530,08;530,08;530,08;530,08;530,08
"A5.FIL.013.M46SR1";"100%WV";"FILTOLLEGNO1900";-1;8844705;"A5.FIL.013.M46";8772444;"Harmony nm2/30";"SR1";184,97;801,00;184,97;801,00;184,97;801,00;146,83;;36,98;11,32;5,67;"A5.FIL.013";"M46";499,62;0,00;55,82;10,00;112,67;0,00;;"FILTOLLEGNO1900";782;;;;;;;782,00;182,92;180,00;0,00;0,00;0,00;180,00;;634,62;782,00;0,00;0,00;0,00;782,00;152,00;"FILTOLLEGNO1900";;"FILTOLLEGNO1900";223,00;925,00;707,38;87,93;87,93;87,93;87,93;87,93
"A5.FIL.013.N98SR1";"100%WV";"FILTOLLEGNO1900";-1;8772558;"A5.FIL.013.N98";8772444;"Harmony nm2/30";"SR1";366,24;1630,00;366,24;1630,00;366,24;1630,00;249,51;;-0,31;81,74;61,02;"A5.FIL.013";"N98";499,62;0,00;55,82;10,00;112,67;0,00;;"FILTOLLEGNO1900";782;;;;;;;782,00;271,46;387,00;0,00;0,00;0,00;387,00;117,00;634,62;782,00;0,00;0,00;0,00;782,00;152,00;"FILTOLLEGNO1900";;"FILTOLLEGNO1900";223,00;925,00;707,38;;;;;
"A5.FIL.013.S40SR1";"100%WV";"FILTOLLEGNO1900";-1;8844706;"A5.FIL.013.S40";8772444;"Harmony nm2/30";"SR1";22,17;70,00;22,17;70,00;22,17;70,00;3,42;;19,32;5,48;-69,03;"A5.FIL.013";"S40";499,62;0,00;55,82;10,00;112,67;0,00;;"FILTOLLEGNO1900";782;;;;;;;782,00;89,41;90,00;0,00;0,00;0,00;90,00;;634,62;782,00;0,00;0,00;0,00;782,00;152,00;"FILTOLLEGNO1900";;"FILTOLLEGNO1900";223,00;925,00;707,38;;;;;
"A5.FIL.013.W12SR1";"100%WV";"FILTOLLEGNO1900";-1;8772617;"A5.FIL.013.W12";8772444;"Harmony nm2/30";"SR1";139,16;634,00;139,16;634,00;139,16;634,00;99,86;;-0,17;14,13;12,33;"A5.FIL.013";"W12";499,62;0,00;55,82;10,00;112,67;0,00;;"FILTOLLEGNO1900";782;;;;;;;782,00;90,83;125,00;0,00;0,00;0,00;125,00;35,00;634,62;782,00;0,00;0,00;0,00;782,00;152,00;"FILTOLLEGNO1900";;"FILTOLLEGNO1900";223,00;925,00;707,38;78,32;78,32;78,32;78,32;78,32
"A5.FIL.015.N98SR1";"100%WV";"FILTOLLEGNO1900";-1;8772780;"A5.FIL.015.N98";8772725;"New Royal nm2/60";"SR1";64,92;788,00;64,92;788,00;64,92;788,00;64,92;;17,56;0,71;-17,56;"A5.FIL.015";"N98";64,92;0,00;17,56;-17,56;0,71;0,00;;"FILTOLLEGNO1900";72;;;;;;;72,00;72,76;72,00;0,00;0,00;0,00;72,00;;72,76;72,00;0,00;0,00;0,00;72,00;;"FILTOLLEGNO1900";;"FILTOLLEGNO1900";223,00;925,00;707,38;22,93;22,93;22,93;22,93;22,93
"A5.FIL.042.F04E1M";"52%VI + 48%PL";"OLIVOSPA";-1;8841181;"A5.FIL.042.F04";8808558;"Sari nm25000 FSC";"E1M";263,46;1783,00;263,46;1783,00;263,46;1783,00;226,29;;16,09;4,70;-1,77;"A5.FIL.042";"F04";618,72;0,00;29,22;-11,93;9,71;5,93;1,23;"OLIVOSPA";905;;;;;;;905,00;242,38;270,00;0,00;0,00;0,00;270,00;27,56;646,87;905,00;0,00;0,00;0,00;905,00;260,01;"OLIVOSPA";;"OLIVOSPA";260,01;905,00;646,87;40,56;40,56;40,56;40,56;40,56
"A5.FIL.042.N02E1M";"52%VI + 48%PL";"OLIVOSPA";-1;8808565;"A5.FIL.042.N02";8808558;"Sari nm25000 FSC";"E1M";382,39;2627,00;382,39;2627,00;382,39;2627,00;254,02;;12,91;5,01;-1,90;"A5.FIL.042";"N02";618,72;0,00;29,22;-11,93;9,71;5,93;4,70;"OLIVOSPA";905;;;;;;;905,00;265,87;385,00;0,00;0,00;0,00;385,00;121,07;646,87;905,00;0,00;0,00;0,00;905,00;260,01;"OLIVOSPA";;"OLIVOSPA";260,01;905,00;646,87;43,75;43,75;43,75;43,75;43,75
"A5.FIL.042.UB2E1M";"52%VI + 48%PL";"OLIVOSPA";-1;8880110;"A5.FIL.042.UB2";8808558;"Sari nm25000 FSC";"E1M";241,76;1664,00;241,76;1664,00;241,76;1664,00;138,41;;0,22;0,00;-8,25;"A5.FIL.042";"UB2";618,72;0,00;29,22;-11,93;9,71;5,93;;"OLIVOSPA";905;;;;;;;905,00;138,62;250,00;0,00;0,00;0,00;250,00;111,38;646,87;905,00;0,00;0,00;0,00;905,00;260,01;"OLIVOSPA";;"OLIVOSPA";260,01;905,00;646,87;52,03;52,03;52,03;52,03;52,03
"A5.FIL.046.B24LIM";"40%WO + 25%VI + 25%PA + 10%WS";"MILLEFILI";-1;8841756;"A5.FIL.046.B24";8817079;"Dublino geo nm14500 GRS";"LIM";140,29;591,00;140,29;591,00;140,29;591,00;110,03;;32,23;8,61;5,53;"A5.FIL.046";"B24";793,67;0,00;432,18;66,66;124,90;0,00;;"MILLEFILI";1198;;;;;;;1198,00;117,10;110,00;0,00;0,00;0,00;110,00;;1051,10;1198,00;0,00;0,00;0,00;1198,00;217,00;"MILLEFILI";;"MILLEFILI";1063,65;3416,00;2431,92;;;;;
"A5.FIL.046.EC0LIM";"40%WO + 25%VI + 25%PA + 10%WS";"MILLEFILI";-1;8819279;"A5.FIL.046.EC0";8817079;"Dublino geo nm14500 GRS";"LIM";375,79;1786,00;375,79;1786,00;375,79;1786,00;221,35;;162,00;21,27;11,10;"A5.FIL.046";"EC0";793,67;0,00;432,18;66,66;124,90;0,00;;"MILLEFILI";1198;;;;;;;1198,00;380,86;355,00;0,00;0,00;0,00;355,00;;1051,10;1198,00;0,00;0,00;0,00;1198,00;217,00;"MILLEFILI";;"MILLEFILI";1063,65;3416,00;2431,92;;;;;
"A5.FIL.046.F26LIM";"40%WO + 25%VI + 25%PA + 10%WS";"MILLEFILI";-1;8819280;"A5.FIL.046.F26";8817079;"Dublino geo nm14500 GRS";"LIM";59,06;355,00;59,06;355,00;59,06;355,00;20,16;;1,51;8,02;5,19;"A5.FIL.046";"F26";793,67;0,00;432,18;66,66;124,90;0,00;;"MILLEFILI";1198;;;;;;;1198,00;;40,00;0,00;0,00;0,00;40,00;40,00;1051,10;1198,00;0,00;0,00;0,00;1198,00;217,00;"MILLEFILI";;"MILLEFILI";1063,65;3416,00;2431,92;;;;;
"A5.FIL.046.G80LIM";"40%WO + 25%VI + 25%PA + 10%WS";"MILLEFILI";-1;8819281;"A5.FIL.046.G80";8817079;"Dublino geo nm14500 GRS";"LIM";92,08;499,00;92,08;499,00;92,08;499,00;20,84;;;7,83;2,84;"A5.FIL.046";"G80";793,67;0,00;432,18;66,66;124,90;0,00;;"MILLEFILI";1198;;;;;;;1198,00;;75,00;0,00;0,00;0,00;75,00;75,00;1051,10;1198,00;0,00;0,00;0,00;1198,00;217,00;"MILLEFILI";;"MILLEFILI";1063,65;3416,00;2431,92;;;;;
"A5.FIL.046.I22LIM";"40%WO + 25%VI + 25%PA + 10%WS";"MILLEFILI";-1;8819282;"A5.FIL.046.I22";8817079;"Dublino geo nm14500 GRS";"LIM";27,41;156,00;27,41;156,00;27,41;156,00;21,39;;1,29;7,30;11,33;"A5.FIL.046";"I22";793,67;0,00;432,18;66,66;124,90;0,00;;"MILLEFILI";1198;;;;;;;1198,00;;0,00;0,00;0,00;0,00;0,00;;1051,10;1198,00;0,00;0,00;0,00;1198,00;217,00;"MILLEFILI";;"MILLEFILI";1063,65;3416,00;2431,92;;;;;
"A5.FIL.046.N04LIM";"40%WO + 25%VI + 25%PA + 10%WS";"MILLEFILI";-1;8819283;"A5.FIL.046.N04";8817079;"Dublino geo nm14500 GRS";"LIM";166,28;889,00;166,28;889,00;166,28;889,00;120,51;;49,12;7,92;3,63;"A5.FIL.046";"N04";793,67;0,00;432,18;66,66;124,90;0,00;;"MILLEFILI";1198;;;;;;;1198,00;151,71;145,00;0,00;0,00;0,00;145,00;;1051,10;1198,00;0,00;0,00;0,00;1198,00;217,00;"MILLEFILI";;"MILLEFILI";1063,65;3416,00;2431,92;;;;;
"A5.FIL.046.N44LIM";"40%WO + 25%VI + 25%PA + 10%WS";"MILLEFILI";-1;8819284;"A5.FIL.046.N44";8817079;"Dublino geo nm14500 GRS";"LIM";178,11;798,00;178,11;798,00;178,11;798,00;94,10;;94,58;23,48;9,66;"A5.FIL.046";"N44";793,67;0,00;432,18;66,66;124,90;0,00;;"MILLEFILI";1198;;;;;;;1198,00;182,07;165,00;0,00;0,00;0,00;165,00;;1051,10;1198,00;0,00;0,00;0,00;1198,00;217,00;"MILLEFILI";;"MILLEFILI";1063,65;3416,00;2431,92;;;;;
"A5.FIL.046.N72LIM";"40%WO + 25%VI + 25%PA + 10%WS";"MILLEFILI";-1;8841757;"A5.FIL.046.N72";8817079;"Dublino geo nm14500 GRS";"LIM";168,27;741,00;168,27;741,00;168,27;741,00;108,89;;65,78;9,89;2,49;"A5.FIL.046";"N72";793,67;0,00;432,18;66,66;124,90;0,00;;"MILLEFILI";1198;;;;;;;1198,00;143,99;141,00;0,00;0,00;0,00;141,00;;1051,10;1198,00;0,00;0,00;0,00;1198,00;217,00;"MILLEFILI";;"MILLEFILI";1063,65;3416,00;2431,92;;;;;
"A5.FIL.046.W16LIM";"40%WO + 25%VI + 25%PA + 10%WS";"MILLEFILI";-1;8819286;"A5.FIL.046.W16";8817079;"Dublino geo nm14500 GRS";"LIM";79,40;362,00;79,40;362,00;79,40;362,00;56,82;;25,67;22,21;15,65;"A5.FIL.046";"W16";793,67;0,00;432,18;66,66;124,90;0,00;;"MILLEFILI";1198;;;;;;;1198,00;75,37;65,00;0,00;0,00;0,00;65,00;;1051,10;1198,00;0,00;0,00;0,00;1198,00;217,00;"MILLEFILI";;"MILLEFILI";1063,65;3416,00;2431,92;;;;;
"A5.FIL.046.Z30LIM";"40%WO + 25%VI + 25%PA + 10%WS";"MILLEFILI";-1;8819287;"A5.FIL.046.Z30";8817079;"Dublino geo nm14500 GRS";"LIM";114,06;618,00;114,06;618,00;114,06;618,00;19,58;;;8,36;-0,76;"A5.FIL.046";"Z30";793,67;0,00;432,18;66,66;124,90;0,00;;"MILLEFILI";1198;;;;;;;1198,00;;102,00;0,00;0,00;0,00;102,00;102,00;1051,10;1198,00;0,00;0,00;0,00;1198,00;217,00;"MILLEFILI";;"MILLEFILI";1063,65;3416,00;2431,92;;;;;
"A5.FIL.048.B04E2M";"75%CO + 25%WO";"ALPES";-1;8833507;"A5.FIL.048.B04";8823404;"Wool cott ""25"" nm3000 GOTS";"E2M";1007,28;1926,00;1007,28;1926,00;1007,28;1926,00;371,40;;12,10;0,40;-31,32;"A5.FIL.048";"B04";371,40;0,00;12,10;-31,32;0,40;0,00;;"ALPES";1039;;;;;;;1039,00;383,90;1039,00;0,00;0,00;0,00;1039,00;655,10;383,90;1039,00;0,00;0,00;0,00;1039,00;655,10;"ALPES";;"ALPES";3921,70;7602,00;3573,92;;;;;
"A5.FIL.049.B04MH1";"92%CO + 8%PL";"ALPES";-1;8828542;"A5.FIL.049.B04";8828536;"Breeze nm7500";"MH1";25,15;72,00;25,15;72,00;25,15;72,00;;;;0,00;-4,85;"A5.FIL.049";"B04";376,44;0,00;30,11;70,89;103,87;0,00;;"ALPES";731;;;;;;;731,00;;30,00;0,00;0,00;0,00;30,00;30,00;386,10;731,00;0,00;0,00;0,00;731,00;322,00;"ALPES";;"ALPES";3921,70;7602,00;3573,92;24,98;24,98;24,98;24,98;24,98
"A5.FIL.049.EC2MH1";"92%CO + 8%PL";"ALPES";-1;8828558;"A5.FIL.049.EC2";8828536;"Breeze nm7500";"MH1";134,21;314,00;134,21;314,00;134,21;314,00;64,20;;4,41;39,99;29,90;"A5.FIL.049";"EC2";376,44;0,00;30,11;70,89;103,87;0,00;;"ALPES";731;;;;;;;731,00;69,30;150,00;0,00;0,00;0,00;150,00;75,00;386,10;731,00;0,00;0,00;0,00;731,00;322,00;"ALPES";;"ALPES";3921,70;7602,00;3573,92;133,53;133,53;133,53;133,53;133,53
"A5.FIL.049.N98MH1";"92%CO + 8%PL";"ALPES";-1;8828597;"A5.FIL.049.N98";8828536;"Breeze nm7500";"MH1";155,00;394,00;155,00;394,00;155,00;394,00;75,61;;7,52;0,34;-3,13;"A5.FIL.049";"N98";376,44;0,00;30,11;70,89;103,87;0,00;;"ALPES";731;;;;;;;731,00;76,10;154,00;0,00;0,00;0,00;154,00;75,00;386,10;731,00;0,00;0,00;0,00;731,00;322,00;"ALPES";;"ALPES";3921,70;7602,00;3573,92;153,48;153,48;153,48;153,48;153,48
"A5.FIL.049.O24MH1";"92%CO + 8%PL";"ALPES";-1;8828599;"A5.FIL.049.O24";8828536;"Breeze nm7500";"MH1";104,56;307,00;104,56;307,00;104,56;307,00;77,20;;;11,17;6,90;"A5.FIL.049";"O24";376,44;0,00;30,11;70,89;103,87;0,00;;"ALPES";731;;;;;;;731,00;69,40;112,00;0,00;0,00;0,00;112,00;37,00;386,10;731,00;0,00;0,00;0,00;731,00;322,00;"ALPES";;"ALPES";3921,70;7602,00;3573,92;104,08;104,08;104,08;104,08;104,08
"A5.FIL.049.U18MH1";"92%CO + 8%PL";"ALPES";-1;8828634;"A5.FIL.049.U18";8828536;"Breeze nm7500";"MH1";97,11;238,00;97,11;238,00;97,11;238,00;59,37;;13,95;39,11;33,02;"A5.FIL.049";"U18";376,44;0,00;30,11;70,89;103,87;0,00;;"ALPES";731;;;;;;;731,00;71,70;105,00;0,00;0,00;0,00;105,00;30,00;386,10;731,00;0,00;0,00;0,00;731,00;322,00;"ALPES";;"ALPES";3921,70;7602,00;3573,92;;;;;
"A5.FIL.049.U50MH1";"92%CO + 8%PL";"ALPES";-1;8828638;"A5.FIL.049.U50";8828536;"Breeze nm7500";"MH1";174,90;491,00;174,90;491,00;174,90;491,00;100,06;;4,23;13,25;9,05;"A5.FIL.049";"U50";376,44;0,00;30,11;70,89;103,87;0,00;;"ALPES";731;;;;;;;731,00;99,60;180,00;0,00;0,00;0,00;180,00;75,00;386,10;731,00;0,00;0,00;0,00;731,00;322,00;"ALPES";;"ALPES";3921,70;7602,00;3573,92;;;;;
"A5.FIL.050.B02MH1";"100%CO";"BRESCIANE";-1;8828656;"A5.FIL.050.B02";8828652;"Texas2 nm2/50 (ne30/2)";"MH1";10,65;548,00;10,65;548,00;10,65;548,00;8,08;;1,11;3,12;2,46;"A5.FIL.050";"B02";4813,76;0,00;323,51;41,82;129,33;0,00;;"BRESCIANE";6974;;;;;;;6974,00;11,31;8,00;0,00;0,00;0,00;8,00;;5034,82;6974,00;0,00;0,00;0,00;6974,00;1911,90;"BRESCIANE";;"BRESCIANE";1911,90;6974,00;5034,82;;;;;
"A5.FIL.050.B48WEP";"100%CO";"BRESCIANE";-1;8849578;"A5.FIL.050.B48";8828652;"Texas2 nm2/50 (ne30/2)";"WEP";1445,43;7023,00;1445,43;7023,00;1445,43;7023,00;927,88;;83,78;29,16;12,50;"A5.FIL.050";"B48";4813,76;0,00;323,51;41,82;129,33;0,00;;"BRESCIANE";6974;;;;;;;6974,00;1012,09;1480,00;0,00;0,00;0,00;1480,00;450,00;5034,82;6974,00;0,00;0,00;0,00;6974,00;1911,90;"BRESCIANE";;"BRESCIANE";1911,90;6974,00;5034,82;;;;;
"A5.FIL.050.EA0MH1";"100%CO";"BRESCIANE";-1;8828671;"A5.FIL.050.EA0";8828652;"Texas2 nm2/50 (ne30/2)";"MH1";316,38;1077,00;316,38;1077,00;316,38;1077,00;195,96;;9,94;20,79;9,99999999996248e-03;"A5.FIL.050";"EA0";4813,76;0,00;323,51;41,82;129,33;0,00;;"BRESCIANE";6974;;;;;;;6974,00;199,10;330,00;0,00;0,00;0,00;330,00;130,00;5034,82;6974,00;0,00;0,00;0,00;6974,00;1911,90;"BRESCIANE";;"BRESCIANE";1911,90;6974,00;5034,82;309,89;309,89;309,89;309,89;309,89
"A5.FIL.050.EG2MH1";"100%CO";"BRESCIANE";-1;8828674;"A5.FIL.050.EG2";8828652;"Texas2 nm2/50 (ne30/2)";"MH1";20,36;1077,00;20,36;1077,00;20,36;1077,00;11,65;;;3,99;2,86;"A5.FIL.050";"EG2";4813,76;0,00;323,51;41,82;129,33;0,00;;"BRESCIANE";6974;;;;;;;6974,00;8,23;16,00;0,00;0,00;0,00;16,00;8,00;5034,82;6974,00;0,00;0,00;0,00;6974,00;1911,90;"BRESCIANE";;"BRESCIANE";1911,90;6974,00;5034,82;19,99;19,99;19,99;19,99;19,99
"A5.FIL.050.N98MH1";"100%CO";"BRESCIANE";-1;8828684;"A5.FIL.050.N98";8828652;"Texas2 nm2/50 (ne30/2)";"MH1";5,83;367,00;5,83;367,00;5,83;367,00;1,65;;21,01;2,49;-15,81;"A5.FIL.050";"N98";4813,76;0,00;323,51;41,82;129,33;0,00;;"BRESCIANE";6974;;;;;;;6974,00;;0,00;0,00;0,00;0,00;0,00;;5034,82;6974,00;0,00;0,00;0,00;6974,00;1911,90;"BRESCIANE";;"BRESCIANE";1911,90;6974,00;5034,82;;;;;
"A5.FIL.050.R34WEP";"100%CO";"BRESCIANE";-1;8849577;"A5.FIL.050.R34";8828652;"Texas2 nm2/50 (ne30/2)";"WEP";655,35;5590,00;655,35;5590,00;655,35;5590,00;431,43;;17,51;8,26;4,68;"A5.FIL.050";"R34";4813,76;0,00;323,51;41,82;129,33;0,00;;"BRESCIANE";6974;;;;;;;6974,00;430,60;630,00;0,00;0,00;0,00;630,00;210,00;5034,82;6974,00;0,00;0,00;0,00;6974,00;1911,90;"BRESCIANE";;"BRESCIANE";1911,90;6974,00;5034,82;;;;;
"A5.FIL.050.U16MH1";"100%CO";"BRESCIANE";-1;8828699;"A5.FIL.050.U16";8828652;"Texas2 nm2/50 (ne30/2)";"MH1";100,70;367,00;100,70;367,00;100,70;367,00;42,83;;3,13;11,77;5,94;"A5.FIL.050";"U16";4813,76;0,00;323,51;41,82;129,33;0,00;;"BRESCIANE";6974;;;;;;;6974,00;30,00;90,00;0,00;0,00;0,00;90,00;60,00;5034,82;6974,00;0,00;0,00;0,00;6974,00;1911,90;"BRESCIANE";;"BRESCIANE";1911,90;6974,00;5034,82;;;;;
"A5.FIL.050.U26MH1";"100%CO";"BRESCIANE";-1;8828701;"A5.FIL.050.U26";8828652;"Texas2 nm2/50 (ne30/2)";"MH1";162,87;548,00;162,87;548,00;162,87;548,00;2328,22;;10,22;42,51;38,37;"A5.FIL.050";"U26";4813,76;0,00;323,51;41,82;129,33;0,00;;"BRESCIANE";6974;;;;;;;6974,00;2332,39;3125,00;0,00;0,00;0,00;3125,00;765,00;5034,82;6974,00;0,00;0,00;0,00;6974,00;1911,90;"BRESCIANE";;"BRESCIANE";1911,90;6974,00;5034,82;;;;;
"A5.FIL.050.U26WEP";"100%CO";"BRESCIANE";-1;8828701;"A5.FIL.050.U26";8828652;"Texas2 nm2/50 (ne30/2)";"WEP";2936,43;8700,00;2936,43;8700,00;2936,43;8700,00;2328,22;;10,22;42,51;38,37;"A5.FIL.050";"U26";4813,76;0,00;323,51;41,82;129,33;0,00;;"BRESCIANE";6974;;;;;;;6974,00;2332,39;3125,00;0,00;0,00;0,00;3125,00;765,00;5034,82;6974,00;0,00;0,00;0,00;6974,00;1911,90;"BRESCIANE";;"BRESCIANE";1911,90;6974,00;5034,82;;;;;
"A5.FIL.050.W14WEP";"100%CO";"BRESCIANE";-1;8849581;"A5.FIL.050.W14";8828652;"Texas2 nm2/50 (ne30/2)";"WEP";743,52;5590,00;743,52;5590,00;743,52;5590,00;489,46;;110,03;4,00;4,13;"A5.FIL.050";"W14";4813,76;0,00;323,51;41,82;129,33;0,00;;"BRESCIANE";6974;;;;;;;6974,00;578,75;730,00;0,00;0,00;0,00;730,00;143,90;5034,82;6974,00;0,00;0,00;0,00;6974,00;1911,90;"BRESCIANE";;"BRESCIANE";1911,90;6974,00;5034,82;;;;;
"A5.FIL.050.Z42WEP";"100%CO";"BRESCIANE";-1;8828711;"A5.FIL.050.Z42";8828652;"Texas2 nm2/50 (ne30/2)";"WEP";572,07;5590,00;572,07;5590,00;572,07;5590,00;376,60;;66,78;3,23;-13,33;"A5.FIL.050";"Z42";4813,76;0,00;323,51;41,82;129,33;0,00;;"BRESCIANE";6974;;;;;;;6974,00;432,35;565,00;0,00;0,00;0,00;565,00;145,00;5034,82;6974,00;0,00;0,00;0,00;6974,00;1911,90;"BRESCIANE";;"BRESCIANE";1911,90;6974,00;5034,82;;;;;
"A5.FIL.051.E32MOR";"35%PA + 30%VI + 30%WO + 5%WS";"FILATURA-PAPI";-1;8832645;"A5.FIL.051.E32";8832641;"Everest nm1/14500";"MOR";91,06;227,00;82,80;210,00;50,84;132,00;27,35;;16,10;0,75;39,35;"A5.FIL.051";"E32";1050,46;0,00;90,59;773,28;68,98;0,00;;"FILATURA-PAPI";2200;;;;;;;2200,00;;0,00;0,00;0,00;0,00;0,00;;1003,30;2200,00;0,00;0,00;0,00;2200,00;1200,00;"FILATURA-PAPI";;"FILATURA-PAPI";1200,00;2350,00;1159,50;;;;;
"A5.FIL.051.M22MOR";"35%PA + 30%VI + 30%WO + 5%WS";"FILATURA-PAPI";-1;8865701;"A5.FIL.051.M22";8832641;"Everest nm1/14500";"MOR";528,09;1225,00;472,66;1100,00;356,12;832,00;;;1,20;0,00;171,46;"A5.FIL.051";"M22";1050,46;0,00;90,59;773,28;68,98;0,00;;"FILATURA-PAPI";2200;;;;;;;2200,00;;300,00;0,00;0,00;0,00;300,00;300,00;1003,30;2200,00;0,00;0,00;0,00;2200,00;1200,00;"FILATURA-PAPI";;"FILATURA-PAPI";1200,00;2350,00;1159,50;;;;;
"A5.FIL.051.M24MOR";"35%PA + 30%VI + 30%WO + 5%WS";"FILATURA-PAPI";-1;8848354;"A5.FIL.051.M24";8832641;"Everest nm1/14500";"MOR";909,02;2421,00;805,45;2147,00;562,79;1502,00;503,07;;;19,24;120,19;"A5.FIL.051";"M24";1050,46;0,00;90,59;773,28;68,98;0,00;;"FILATURA-PAPI";2200;;;;;;;2200,00;504,50;700,00;0,00;0,00;0,00;700,00;200,00;1003,30;2200,00;0,00;0,00;0,00;2200,00;1200,00;"FILATURA-PAPI";;"FILATURA-PAPI";1200,00;2350,00;1159,50;;;;;
"A5.FIL.051.N48MOR";"35%PA + 30%VI + 30%WO + 5%WS";"FILATURA-PAPI";-1;8864197;"A5.FIL.051.N48";8832641;"Everest nm1/14500";"MOR";1049,53;2705,00;919,04;2374,00;665,63;1725,00;294,82;;3,79;33,10;153,54;"A5.FIL.051";"N48";1050,46;0,00;90,59;773,28;68,98;0,00;;"FILATURA-PAPI";2200;;;;;;;2200,00;298,60;800,00;0,00;0,00;0,00;800,00;500,00;1003,30;2200,00;0,00;0,00;0,00;2200,00;1200,00;"FILATURA-PAPI";;"FILATURA-PAPI";1200,00;2350,00;1159,50;;;;;
"A5.FIL.051.N98MOR";"35%PA + 30%VI + 30%WO + 5%WS";"FILATURA-PAPI";-1;8832661;"A5.FIL.051.N98";8832641;"Everest nm1/14500";"MOR";340,06;885,00;312,03;812,00;229,21;599,00;175,11;;68,00;1,39;68,92;"A5.FIL.051";"N98";1050,46;0,00;90,59;773,28;68,98;0,00;;"FILATURA-PAPI";2200;;;;;;;2200,00;200,20;200,00;0,00;0,00;0,00;200,00;;1003,30;2200,00;0,00;0,00;0,00;2200,00;1200,00;"FILATURA-PAPI";;"FILATURA-PAPI";1200,00;2350,00;1159,50;;;;;
"A5.FIL.051.S96MOR";"35%PA + 30%VI + 30%WO + 5%WS";"FILATURA-PAPI";-1;8832670;"A5.FIL.051.S96";8832641;"Everest nm1/14500";"MOR";81,47;246,00;80,17;240,00;62,39;187,00;;;;0,00;80,17;"A5.FIL.051";"S96";1050,46;0,00;90,59;773,28;68,98;0,00;;"FILATURA-PAPI";2200;;;;;;;2200,00;;0,00;0,00;0,00;0,00;0,00;;1003,30;2200,00;0,00;0,00;0,00;2200,00;1200,00;"FILATURA-PAPI";;"FILATURA-PAPI";1200,00;2350,00;1159,50;;;;;
"A5.FIL.051.U56MOR";"35%PA + 30%VI + 30%WO + 5%WS";"FILATURA-PAPI";-1;8832677;"A5.FIL.051.U56";8832641;"Everest nm1/14500";"MOR";413,45;1085,00;376,75;990,00;270,43;715,00;50,11;;1,50;14,50;139,65;"A5.FIL.051";"U56";1050,46;0,00;90,59;773,28;68,98;0,00;;"FILATURA-PAPI";2200;;;;;;;2200,00;;200,00;0,00;0,00;0,00;200,00;200,00;1003,30;2200,00;0,00;0,00;0,00;2200,00;1200,00;"FILATURA-PAPI";;"FILATURA-PAPI";1200,00;2350,00;1159,50;;;;;
"A5.FIL.053.B02LIM";"100%PL";"LAGOPOLANE";-1;8833511;"A5.FIL.053.B02";8833508;"Pay nm1/7600+paillettes";"LIM";82,82;563,00;82,82;563,00;82,82;563,00;64,86;;6,15;4,23;3,05;"A5.FIL.053";"B02";126,94;0,00;42,24;27,11;15,16;0,00;;"LAGOPOLANE";206;;;;;;;206,00;71,00;83,00;0,00;0,00;0,00;83,00;13,00;168,70;206,00;0,00;0,00;0,00;206,00;41,00;"LAGOPOLANE";;"LAGOPOLANE";1146,00;1316,00;173,70;;;;;
"A5.FIL.053.B06IBL";"100%PL";"LAGOPOLANE";-1;8852273;"A5.FIL.053.B06";8833508;"Pay nm1/7600+paillettes";"IBL";71,63;422,00;68,37;403,00;52,62;310,00;35,81;;34,89;4,90;2,56;"A5.FIL.053";"B06";126,94;0,00;42,24;27,11;15,16;0,00;;"LAGOPOLANE";206;;;;;;;206,00;70,70;70,00;0,00;0,00;0,00;70,00;;168,70;206,00;0,00;0,00;0,00;206,00;41,00;"LAGOPOLANE";;"LAGOPOLANE";1146,00;1316,00;173,70;32,68;38,52;41,28;32,68;41,28
"A5.FIL.053.N06LIM";"100%PL";"LAGOPOLANE";-1;8857996;"A5.FIL.053.N06";8833508;"Pay nm1/7600+paillettes";"LIM";54,58;370,00;54,58;370,00;54,58;370,00;26,27;;1,20;6,03;4,41;"A5.FIL.053";"N06";126,94;0,00;42,24;27,11;15,16;0,00;;"LAGOPOLANE";206;;;;;;;206,00;27,00;53,00;0,00;0,00;0,00;53,00;28,00;168,70;206,00;0,00;0,00;0,00;206,00;41,00;"LAGOPOLANE";;"LAGOPOLANE";1146,00;1316,00;173,70;;;;;
"A5.FIL.053.N60IBL";"100%PL";"LAGOPOLANE";-1;8833515;"A5.FIL.053.N60";8833508;"Pay nm1/7600+paillettes";"IBL";16,85;100,00;17,09;101,00;12,01;71,00;;;;0,00;17,09;"A5.FIL.053";"N60";126,94;0,00;42,24;27,11;15,16;0,00;;"LAGOPOLANE";206;;;;;;;206,00;;0,00;0,00;0,00;0,00;0,00;;168,70;206,00;0,00;0,00;0,00;206,00;41,00;"LAGOPOLANE";;"LAGOPOLANE";1146,00;1316,00;173,70;;;;;
"A5.FIL.054.M06IBL";"50%WM + 50%PA";"LAGOPOLANE";-1;8853475;"A5.FIL.054.M06";8833520;"Apollo nm1/10000";"IBL";5,59;477,00;5,35;457,00;4,25;363,00;;;5,00;0,00;0,35;"A5.FIL.054";"M06";0,00;0,00;5,00;0,35;0,00;0,00;;"LAGOPOLANE";5;;;;;;;5,00;5,00;5,00;0,00;0,00;0,00;5,00;;5,00;5,00;0,00;0,00;0,00;5,00;;"LAGOPOLANE";;"LAGOPOLANE";1146,00;1316,00;173,70;3,22;3,82;3,99;3,22;3,99
"A5.FIL.067.B18SR1";"62%CO + 38%PA";"BEMIVA";-1;8833255;"A5.FIL.067.B18";8833253;"Park fine nm3.6";"SR1";57,44;143,00;57,44;143,00;57,44;143,00;16,54;;4,68;6,71;4,93;"A5.FIL.067";"B18";67,66;0,00;15,47;1,31;8,04;0,00;;"BEMIVA";155;;;;;;;155,00;;38,00;0,00;0,00;0,00;38,00;38,00;53,02;155,00;0,00;0,00;0,00;155,00;101,98;"BEMIVA";;"BEMIVA";101,98;251,00;155,94;58,20;58,20;58,20;57,44;57,44
"A5.FIL.067.N98SR1";"62%CO + 38%PA";"BEMIVA";-1;8833262;"A5.FIL.067.N98";8833253;"Park fine nm3.6";"SR1";122,26;304,00;122,26;304,00;122,26;304,00;51,12;;10,79;1,33;-3,62;"A5.FIL.067";"N98";67,66;0,00;15,47;1,31;8,04;0,00;;"BEMIVA";155;;;;;;;155,00;53,02;117,00;0,00;0,00;0,00;117,00;63,98;53,02;155,00;0,00;0,00;0,00;155,00;101,98;"BEMIVA";;"BEMIVA";101,98;251,00;155,94;123,72;123,72;123,72;122,26;122,26
"A5.FIL.071.EC4WEP";"45%WP + 23%PA + 15%CO + 15%MD + 2%EA";"DOMASO";-1;8835459;"A5.FIL.071.EC4";8835453;"Tuty fusion nm7000";"WEP";1198,73;4250,00;1198,73;4250,00;1198,73;4250,00;285,45;;1,02;3,97;2,66;"A5.FIL.071";"EC4";909,91;0,00;13,11;-11,48;9,91;2,00;;"DOMASO";3062;;;;;;;3062,00;288,04;1212,00;0,00;0,00;0,00;1212,00;912,00;878,84;3062,00;0,00;0,00;0,00;3062,00;2262,00;"DOMASO";;"DOMASO";5741,20;8089,00;2443,08;1198,50;1198,50;1198,50;1198,50;1198,50
"A5.FIL.071.P26WEP";"45%WP + 23%PA + 15%CO + 15%MD + 2%EA";"DOMASO";-1;8835487;"A5.FIL.071.P26";8835453;"Tuty fusion nm7000";"WEP";210,65;747,00;210,65;747,00;210,65;747,00;14,09;;3,25;3,94;-2,75;"A5.FIL.071";"P26";909,91;0,00;13,11;-11,48;9,91;2,00;2,00;"DOMASO";3062;;;;;;;3062,00;;200,00;0,00;0,00;0,00;200,00;200,00;878,84;3062,00;0,00;0,00;0,00;3062,00;2262,00;"DOMASO";;"DOMASO";5741,20;8089,00;2443,08;;;;;
"A5.FIL.071.TA2WEP";"45%WP + 23%PA + 15%CO + 15%MD + 2%EA";"DOMASO";-1;8835489;"A5.FIL.071.TA2";8835453;"Tuty fusion nm7000";"WEP";1051,72;3728,00;1051,72;3728,00;1051,72;3728,00;313,09;;1,12;1,00;-11,49;"A5.FIL.071";"TA2";909,91;0,00;13,11;-11,48;9,91;2,00;;"DOMASO";3062;;;;;;;3062,00;293,28;1050,00;0,00;0,00;0,00;1050,00;750,00;878,84;3062,00;0,00;0,00;0,00;3062,00;2262,00;"DOMASO";;"DOMASO";5741,20;8089,00;2443,08;;;;;
"A5.FIL.071.UD8WEP";"45%WP + 23%PA + 15%CO + 15%MD + 2%EA";"DOMASO";-1;8835481;"A5.FIL.071.UD8";8835453;"Tuty fusion nm7000";"WEP";704,09;2494,00;704,09;2494,00;704,09;2494,00;297,28;;7,72;1,00;0,09;"A5.FIL.071";"UD8";909,91;0,00;13,11;-11,48;9,91;2,00;;"DOMASO";3062;;;;;;;3062,00;297,52;600,00;0,00;0,00;0,00;600,00;400,00;878,84;3062,00;0,00;0,00;0,00;3062,00;2262,00;"DOMASO";;"DOMASO";5741,20;8089,00;2443,08;;;;;
"A5.FIL.072.N54WEP";"45%WP + 23%PA + 15%CO + 15%MD + 2%EA";"DOMASO";-1;8835695;"A5.FIL.072.N54";8835690;"Tuty nm7000";"WEP";1254,66;4459,00;1254,66;4459,00;1254,66;4459,00;458,07;;4,22;5,51;3,29;"A5.FIL.072";"N54";458,07;0,00;4,22;-7,98;5,51;0,00;;"DOMASO";1612;;;;;;;1612,00;417,80;1212,00;0,00;0,00;0,00;1212,00;794,20;417,80;1612,00;0,00;0,00;0,00;1612,00;1194,20;"DOMASO";;"DOMASO";5741,20;8089,00;2443,08;;;;;
"A5.FIL.072.N70DIF";"45%WP + 23%PA + 15%CO + 15%MD + 2%EA";"DOMASO";-1;8835697;"A5.FIL.072.N70";8835690;"Tuty nm7000";"DIF";388,72;1100,00;388,72;1100,00;388,72;1100,00;;;;0,00;-11,28;"A5.FIL.072";"N70";458,07;0,00;4,22;-7,98;5,51;0,00;;"DOMASO";1612;;;;;;;1612,00;;400,00;0,00;0,00;0,00;400,00;400,00;417,80;1612,00;0,00;0,00;0,00;1612,00;1194,20;"DOMASO";;"DOMASO";5741,20;8089,00;2443,08;;;;;
"A5.FIL.074.N98SR1";"100%VI";"BEMIVA";-1;8850419;"A5.FIL.074.N98";8838750;"Lattice nm2/60 RCS";"SR1";78,23;788,00;78,23;788,00;78,23;788,00;78,24;;24,69;0,00;-24,69;"A5.FIL.074";"N98";78,24;0,00;24,69;-24,69;0,00;0,00;;"BEMIVA";96;;;;;;;96,00;102,92;96,00;0,00;0,00;0,00;96,00;;102,92;96,00;0,00;0,00;0,00;96,00;;"BEMIVA";;"BEMIVA";101,98;251,00;155,94;41,28;41,28;41,28;41,28;41,28
"A5.FIL.075.RF4E1H";"80%VI + 20%MZ";"DOMASO";-1;8842516;"A5.FIL.075.RF4";8838754;"Bartok nm7500 FSC";"E1H";122,79;584,00;122,79;584,00;122,79;584,00;93,81;;;4,13;-3,32;"A5.FIL.075";"RF4";145,87;0,00;1,45;-2,79;10,32;3,72;3,72;"DOMASO";204;;;;;;;204,00;94,24;126,00;0,00;0,00;0,00;126,00;36,00;146,36;204,00;0,00;0,00;0,00;204,00;64,00;"DOMASO";;"DOMASO";5741,20;8089,00;2443,08;21,94;21,94;21,94;21,94;21,94
"A5.FIL.075.U26E1H";"80%VI + 20%MZ";"DOMASO";-1;8842517;"A5.FIL.075.U26";8838754;"Bartok nm7500 FSC";"E1H";78,44;374,00;78,44;374,00;78,44;374,00;52,06;;1,45;6,19;0,53;"A5.FIL.075";"U26";145,87;0,00;1,45;-2,79;10,32;3,72;;"DOMASO";204;;;;;;;204,00;52,12;78,00;0,00;0,00;0,00;78,00;28,00;146,36;204,00;0,00;0,00;0,00;204,00;64,00;"DOMASO";;"DOMASO";5741,20;8089,00;2443,08;24,24;24,24;24,24;24,24;24,24
"A5.FIL.076.N98DIF";"80%VI + 20%PL";"DOMASO";-1;8838782;"A5.FIL.076.N98";8838780;"Bartok/N nm7500 FSC";"DIF";251,26;500,00;251,26;500,00;251,26;500,00;;;;0,00;-3,75;"A5.FIL.076";"N98";0,00;0,00;0,00;-3,75;0,00;0,00;;"DOMASO";255;;;;;;;255,00;;255,00;0,00;0,00;0,00;255,00;255,00;;255,00;0,00;0,00;0,00;255,00;255,00;"DOMASO";;"DOMASO";5741,20;8089,00;2443,08;;;;;
"A5.FIL.078.B02MP1";"82%CO + 18%PA";"LINEAPIUITALIA";-1;8840032;"A5.FIL.078.B02";8840029;"Noir nm70000";"MP1";34,51;245,00;34,51;245,00;34,51;245,00;34,51;;1,16;4,25;2,06;"A5.FIL.078";"B02";100,30;0,00;14,10;-5,63;10,28;0,00;;"LINEAPIUITALIA";105;;;;;;;105,00;30,65;30,00;0,00;0,00;0,00;30,00;;96,94;105,00;0,00;0,00;0,00;105,00;12,00;"LINEAPIUITALIA";;"LINEAPIUITALIA";177,00;270,00;96,94;34,46;34,46;34,46;34,46;34,46
"A5.FIL.078.N98MP1";"82%CO + 18%PA";"LINEAPIUITALIA";-1;8840047;"A5.FIL.078.N98";8840029;"Noir nm70000";"MP1";55,37;373,00;55,37;373,00;55,37;373,00;55,37;;12,94;3,02;-0,93;"A5.FIL.078";"N98";100,30;0,00;14,10;-5,63;10,28;0,00;;"LINEAPIUITALIA";105;;;;;;;105,00;66,29;63,00;0,00;0,00;0,00;63,00;;96,94;105,00;0,00;0,00;0,00;105,00;12,00;"LINEAPIUITALIA";;"LINEAPIUITALIA";177,00;270,00;96,94;66,11;66,11;66,11;55,37;55,37
"A5.FIL.078.N98MP1J";"82%CO + 18%PA";"LINEAPIUITALIA";-1;8840047;"A5.FIL.078.N98";8840029;"Noir nm70000";"MP1J";10,93;168,00;10,93;168,00;10,93;168,00;55,37;;12,94;3,02;-0,93;"A5.FIL.078";"N98";100,30;0,00;14,10;-5,63;10,28;0,00;;"LINEAPIUITALIA";105;;;;;;;105,00;66,29;63,00;0,00;0,00;0,00;63,00;;96,94;105,00;0,00;0,00;0,00;105,00;12,00;"LINEAPIUITALIA";;"LINEAPIUITALIA";177,00;270,00;96,94;;;;;
"A5.FIL.078.W66MP1";"82%CO + 18%PA";"LINEAPIUITALIA";-1;8845701;"A5.FIL.078.W66";8840029;"Noir nm70000";"MP1";10,43;76,00;10,43;76,00;10,43;76,00;10,42;;;3,00;-6,76;"A5.FIL.078";"W66";100,30;0,00;14,10;-5,63;10,28;0,00;;"LINEAPIUITALIA";105;;;;;;;105,00;;12,00;0,00;0,00;0,00;12,00;12,00;96,94;105,00;0,00;0,00;0,00;105,00;12,00;"LINEAPIUITALIA";;"LINEAPIUITALIA";177,00;270,00;96,94;;;;;
"A5.FIL.084.E12MS1";"100%CO";"SESIA";-1;8842092;"A5.FIL.084.E12";8842041;"Bio papiro nm4/64 (nm16000) GOTS";"MS1";245,15;1155,00;245,15;1155,00;245,15;1155,00;121,84;;;7,22;0,11;"A5.FIL.084";"E12";621,62;0,00;46,28;-41,84;11,68;0,00;;"SESIA";1033;;;;;;;1033,00;117,72;244,00;0,00;0,00;0,00;244,00;129,00;650,94;1033,00;0,00;0,00;0,00;1033,00;393,02;"SESIA";;"SESIA";428,02;1158,00;743,74;239,76;239,76;239,76;239,76;239,76
"A5.FIL.084.N98MS1";"100%CO";"SESIA";-1;8842061;"A5.FIL.084.N98";8842041;"Bio papiro nm4/64 (nm16000) GOTS";"MS1";49,59;238,00;49,59;238,00;49,59;238,00;28,93;;38,13;0,39;-17,47;"A5.FIL.084";"N98";621,62;0,00;46,28;-41,84;11,68;0,00;;"SESIA";1033;;;;;;;1033,00;60,96;58,00;0,00;0,00;0,00;58,00;;650,94;1033,00;0,00;0,00;0,00;1033,00;393,02;"SESIA";;"SESIA";428,02;1158,00;743,74;49,24;49,24;49,24;49,24;49,24
"A5.FIL.084.UD8MS1";"100%CO";"SESIA";-1;8918969;"A5.FIL.084.UD8";8842041;"Bio papiro nm4/64 (nm16000) GOTS";"MS1";147,09;725,00;147,09;725,00;147,09;725,00;121,00;;;0,00;-15,19;"A5.FIL.084";"UD8";621,62;0,00;46,28;-41,84;11,68;0,00;;"SESIA";1033;;;;;;;1033,00;120,28;157,00;0,00;0,00;0,00;157,00;42,00;650,94;1033,00;0,00;0,00;0,00;1033,00;393,02;"SESIA";;"SESIA";428,02;1158,00;743,74;144,99;144,99;144,99;144,99;144,99
"A5.FIL.084.W16MS1";"100%CO";"SESIA";-1;8894042;"A5.FIL.084.W16";8842041;"Bio papiro nm4/64 (nm16000) GOTS";"MS1";291,77;1609,00;291,77;1609,00;291,77;1609,00;225,37;;8,15;0,84;-9,39;"A5.FIL.084";"W16";621,62;0,00;46,28;-41,84;11,68;0,00;;"SESIA";1033;;;;;;;1033,00;234,36;302,00;0,00;0,00;0,00;302,00;67,64;650,94;1033,00;0,00;0,00;0,00;1033,00;393,02;"SESIA";;"SESIA";428,02;1158,00;743,74;287,24;287,24;287,24;287,24;287,24
"A5.FIL.084.WH8MS1";"100%CO";"SESIA";-1;8842095;"A5.FIL.084.WH8";8842041;"Bio papiro nm4/64 (nm16000) GOTS";"MS1";276,15;1488,00;276,15;1488,00;276,15;1488,00;124,48;;;3,20;0,08;"A5.FIL.084";"WH8";621,62;0,00;46,28;-41,84;11,68;0,00;;"SESIA";1033;;;;;;;1033,00;117,62;272,00;0,00;0,00;0,00;272,00;154,38;650,94;1033,00;0,00;0,00;0,00;1033,00;393,02;"SESIA";;"SESIA";428,02;1158,00;743,74;271,74;271,74;271,74;271,74;271,74
"A5.FIL.085.EA6MP1";"100%VI";"FILPUCCI";-1;8842815;"A5.FIL.085.EA6";8842808;"Viscrepe nm30000 FSC";"MP1";85,52;374,00;85,52;374,00;85,52;374,00;11,03;;;23,00;17,08;"A5.FIL.085";"EA6";474,00;0,00;47,98;36,13;49,05;0,00;;"FILPUCCI";659;;;;;;;659,00;;80,00;0,00;0,00;0,00;80,00;80,00;514,60;659,00;0,00;0,00;0,00;659,00;145,00;"FILPUCCI";;"FILPUCCI";145,00;659,00;514,60;;;;;
"A5.FIL.085.H70MP1";"100%VI";"FILPUCCI";-1;8842813;"A5.FIL.085.H70";8842808;"Viscrepe nm30000 FSC";"MP1";523,13;2450,00;523,13;2450,00;523,13;2450,00;445,63;;48,02;18,34;13,47;"A5.FIL.085";"H70";474,00;0,00;47,98;36,13;49,05;0,00;;"FILPUCCI";659;;;;;;;659,00;498,00;528,00;0,00;0,00;0,00;528,00;30,00;514,60;659,00;0,00;0,00;0,00;659,00;145,00;"FILPUCCI";;"FILPUCCI";145,00;659,00;514,60;522,85;522,85;522,85;522,85;522,85
"A5.FIL.085.N98MP1";"100%VI";"FILPUCCI";-1;8842812;"A5.FIL.085.N98";8842808;"Viscrepe nm30000 FSC";"MP1";51,20;326,00;51,20;326,00;51,20;326,00;17,34;;-0,04;7,71;5,58;"A5.FIL.085";"N98";474,00;0,00;47,98;36,13;49,05;0,00;;"FILPUCCI";659;;;;;;;659,00;16,60;51,00;0,00;0,00;0,00;51,00;35,00;514,60;659,00;0,00;0,00;0,00;659,00;145,00;"FILPUCCI";;"FILPUCCI";145,00;659,00;514,60;50,68;50,68;50,68;50,68;50,68
"A5.FIL.098.N99SR1";"70%VI + 30%PL";"ALPES";-1;8844336;"A5.FIL.098.N99";8844309;"Fashion nm2/50";"SR1";235,86;588,00;235,86;588,00;235,86;588,00;235,88;;2,26;27,61;24,54;"A5.FIL.098";"N99";235,88;0,00;2,26;24,54;27,61;0,00;;"ALPES";218;;;;;;;218,00;222,32;218,00;0,00;0,00;0,00;218,00;;222,32;218,00;0,00;0,00;0,00;218,00;;"ALPES";;"ALPES";3921,70;7602,00;3573,92;;;;;
"A5.FIL.099.B40WEP";"90%CO + 10%PL";"E-MIROGLIOBULGARIA";-1;8844586;"A5.FIL.099.B40";8844077;"Daiquiri-new nm4400 OCS";"WEP";1434,00;8000,00;1434,00;8000,00;1434,00;8000,00;52,61;;;19,28;-1,89;"A5.FIL.099";"B40";54,84;0,00;927,64;-5,26;34,78;0,00;;"E-MIROGLIOBULGARIA";3455;;;;;;;3455,00;;1402,00;0,00;0,00;0,00;1402,00;1402,00;877,54;3455,00;0,00;0,00;0,00;3455,00;2591,00;"E-MIROGLIOBULGARIA";;"E-MIROGLIOBULGARIA";2591,00;3455,00;877,54;;;;;
"A5.FIL.099.U31WEP";"90%CO + 10%PL";"E-MIROGLIOBULGARIA";-1;8844110;"A5.FIL.099.U31";8844077;"Daiquiri-new nm4400 OCS";"WEP";2069,94;8000,00;2069,94;8000,00;2069,94;8000,00;2,23;;899,14;15,50;-1,92;"A5.FIL.099";"U31";54,84;0,00;927,64;-5,26;34,78;0,00;;"E-MIROGLIOBULGARIA";3455;;;;;;;3455,00;877,54;2050,00;0,00;0,00;0,00;2050,00;1186,00;877,54;3455,00;0,00;0,00;0,00;3455,00;2591,00;"E-MIROGLIOBULGARIA";;"E-MIROGLIOBULGARIA";2591,00;3455,00;877,54;;;;;
"A5.FIL.099.W14WEP";"90%CO + 10%PL";"E-MIROGLIOBULGARIA";-1;8844111;"A5.FIL.099.W14";8844077;"Daiquiri-new nm4400 OCS";"WEP";30,05;4779,00;30,05;4779,00;30,05;4779,00;;;28,50;0,00;-1,45;"A5.FIL.099";"W14";54,84;0,00;927,64;-5,26;34,78;0,00;;"E-MIROGLIOBULGARIA";3455;;;;;;;3455,00;;3,00;0,00;0,00;0,00;3,00;3,00;877,54;3455,00;0,00;0,00;0,00;3455,00;2591,00;"E-MIROGLIOBULGARIA";;"E-MIROGLIOBULGARIA";2591,00;3455,00;877,54;;;;;
"A5.FIL.100.M04WEP";"62%CO + 33%PA + 5%PL";"CASADELFILATO";-1;8845467;"A5.FIL.100.M04";8844130;"Donald nm23500";"WEP";421,82;5893,00;421,82;5893,00;421,82;5893,00;23,33;;0,68;4,00;1,82;"A5.FIL.100";"M04";24,48;0,00;59,54;-1,70;4,00;0,00;;"CASADELFILATO";535;;;;;;;535,00;;400,00;0,00;0,00;0,00;400,00;400,00;60,00;535,00;0,00;0,00;0,00;535,00;475,00;"CASADELFILATO";;"CASADELFILATO";4913,00;4973,00;60,00;424,29;424,29;424,29;421,82;421,82
"A5.FIL.100.SA4WEP";"62%CO + 33%PA + 5%PL";"CASADELFILATO";-1;8919162;"A5.FIL.100.SA4";8844130;"Donald nm23500";"WEP";131,48;1841,00;131,48;1841,00;131,48;1841,00;1,15;;58,86;0,00;-3,52;"A5.FIL.100";"SA4";24,48;0,00;59,54;-1,70;4,00;0,00;;"CASADELFILATO";535;;;;;;;535,00;60,00;135,00;0,00;0,00;0,00;135,00;75,00;60,00;535,00;0,00;0,00;0,00;535,00;475,00;"CASADELFILATO";;"CASADELFILATO";4913,00;4973,00;60,00;132,55;132,55;132,55;131,48;131,48
"A5.FIL.101.M04WEP";"100%PA";"ECAFILBEST";-1;8844777;"A5.FIL.101.M04";8844142;"Estrella nm7200";"WEP";1372,10;5893,00;1372,10;5893,00;1372,10;5893,00;75,87;;122,88;10,67;0,72;"A5.FIL.101";"M04";79,59;0,00;124,27;-12,72;12,07;0,00;;"ECAFILBEST";1959;;;;;;;1959,00;196,71;1380,00;0,00;0,00;0,00;1380,00;1183,29;196,71;1959,00;0,00;0,00;0,00;1959,00;1762,29;"ECAFILBEST";;"ECAFILBEST";1762,29;2044,00;311,72;1378,96;1378,96;1378,96;1372,10;1372,10
"A5.FIL.101.S14WEP";"100%PA";"ECAFILBEST";-1;8844778;"A5.FIL.101.S14";8844142;"Estrella nm7200";"WEP";427,69;1841,00;427,69;1841,00;427,69;1841,00;3,72;;1,39;1,40;-5,01;"A5.FIL.101";"S14";79,59;0,00;124,27;-12,72;12,07;0,00;;"ECAFILBEST";1959;;;;;;;1959,00;;429,00;0,00;0,00;0,00;429,00;429,00;196,71;1959,00;0,00;0,00;0,00;1959,00;1762,29;"ECAFILBEST";;"ECAFILBEST";1762,29;2044,00;311,72;430,79;430,79;430,79;427,69;427,69
"A5.FIL.101.U38DIF";"100%PA";"ECAFILBEST";-1;8844147;"A5.FIL.101.U38";8844142;"Estrella nm7200";"DIF";141,57;600,00;141,57;600,00;141,57;600,00;;;;0,00;-8,43;"A5.FIL.101";"U38";79,59;0,00;124,27;-12,72;12,07;0,00;;"ECAFILBEST";1959;;;;;;;1959,00;;150,00;0,00;0,00;0,00;150,00;150,00;196,71;1959,00;0,00;0,00;0,00;1959,00;1762,29;"ECAFILBEST";;"ECAFILBEST";1762,29;2044,00;311,72;;;;;
"A5.FIL.103.B40WEP";"60%CO + 40%PC";"ALPES";-1;8844677;"A5.FIL.103.B40";8844162;"Cottonfiocc nm3600";"WEP";1490,29;8675,00;1490,29;8675,00;1490,29;8675,00;238,06;;852,72;26,42;25,19;"A5.FIL.103";"B40";1110,59;0,00;1558,46;11,22;48,26;0,00;;"ALPES";4959;;;;;;;4959,00;1057,20;1464,00;0,00;0,00;0,00;1464,00;399,60;2581,60;4959,00;0,00;0,00;0,00;4959,00;2289,60;"ALPES";;"ALPES";3921,70;7602,00;3573,92;20,04;20,04;20,04;20,04;20,04
"A5.FIL.103.EM5WEP";"60%CO + 40%PC";"ALPES";-1;8844174;"A5.FIL.103.EM5";8844162;"Cottonfiocc nm3600";"WEP";42,39;2866,00;42,39;2866,00;42,39;2866,00;10,91;;;1,69;-12,02;"A5.FIL.103";"EM5";1110,59;0,00;1558,46;11,22;48,26;0,00;;"ALPES";4959;;;;;;;4959,00;;45,00;0,00;0,00;0,00;45,00;45,00;2581,60;4959,00;0,00;0,00;0,00;4959,00;2289,60;"ALPES";;"ALPES";3921,70;7602,00;3573,92;;;;;
"A5.FIL.103.M01WEP";"60%CO + 40%PC";"ALPES";-1;8844679;"A5.FIL.103.M01";8844162;"Cottonfiocc nm3600";"WEP";144,63;2945,00;144,63;2945,00;144,63;2945,00;;;8,54;0,00;-4,91;"A5.FIL.103";"M01";1110,59;0,00;1558,46;11,22;48,26;0,00;;"ALPES";4959;;;;;;;4959,00;;141,00;0,00;0,00;0,00;141,00;141,00;2581,60;4959,00;0,00;0,00;0,00;4959,00;2289,60;"ALPES";;"ALPES";3921,70;7602,00;3573,92;;;;;
"A5.FIL.103.MB8WEP";"60%CO + 40%PC";"ALPES";-1;8851320;"A5.FIL.103.MB8";8844162;"Cottonfiocc nm3600";"WEP";664,42;2114,00;664,42;2114,00;664,42;2114,00;222,22;;16,70;1,28;-15,50;"A5.FIL.103";"MB8";1110,59;0,00;1558,46;11,22;48,26;0,00;;"ALPES";4959;;;;;;;4959,00;240,20;693,00;0,00;0,00;0,00;693,00;441,00;2581,60;4959,00;0,00;0,00;0,00;4959,00;2289,60;"ALPES";;"ALPES";3921,70;7602,00;3573,92;661,69;661,69;661,69;661,69;661,69
"A5.FIL.103.MB9WEP";"60%CO + 40%PC";"ALPES";-1;8851321;"A5.FIL.103.MB9";8844162;"Cottonfiocc nm3600";"WEP";915,62;2864,00;915,62;2864,00;915,62;2864,00;143,63;;323,17;14,11;39,93;"A5.FIL.103";"MB9";1110,59;0,00;1558,46;11,22;48,26;0,00;;"ALPES";4959;;;;;;;4959,00;466,80;927,00;0,00;0,00;0,00;927,00;423,00;2581,60;4959,00;0,00;0,00;0,00;4959,00;2289,60;"ALPES";;"ALPES";3921,70;7602,00;3573,92;927,93;927,93;927,93;915,62;915,62
"A5.FIL.103.N99WEP";"60%CO + 40%PC";"ALPES";-1;8844181;"A5.FIL.103.N99";8844162;"Cottonfiocc nm3600";"WEP";42,41;2864,00;42,41;2864,00;42,41;2864,00;6,65;;;1,35;-8,04;"A5.FIL.103";"N99";1110,59;0,00;1558,46;11,22;48,26;0,00;;"ALPES";4959;;;;;;;4959,00;;45,00;0,00;0,00;0,00;45,00;45,00;2581,60;4959,00;0,00;0,00;0,00;4959,00;2289,60;"ALPES";;"ALPES";3921,70;7602,00;3573,92;42,96;42,96;42,96;42,41;42,41
"A5.FIL.103.P29WEP";"60%CO + 40%PC";"ALPES";-1;8844689;"A5.FIL.103.P29";8844162;"Cottonfiocc nm3600";"WEP";173,07;2945,00;173,07;2945,00;173,07;2945,00;;;126,54;0,00;1,54;"A5.FIL.103";"P29";1110,59;0,00;1558,46;11,22;48,26;0,00;;"ALPES";4959;;;;;;;4959,00;118,80;171,00;0,00;0,00;0,00;171,00;45,00;2581,60;4959,00;0,00;0,00;0,00;4959,00;2289,60;"ALPES";;"ALPES";3921,70;7602,00;3573,92;;;;;
"A5.FIL.103.RD2WEP";"60%CO + 40%PC";"ALPES";-1;8844682;"A5.FIL.103.RD2";8844162;"Cottonfiocc nm3600";"WEP";332,80;1173,00;332,80;1173,00;332,80;1173,00;114,19;;5,80;1,41;8,81;"A5.FIL.103";"RD2";1110,59;0,00;1558,46;11,22;48,26;0,00;;"ALPES";4959;;;;;;;4959,00;121,40;330,00;0,00;0,00;0,00;330,00;204,00;2581,60;4959,00;0,00;0,00;0,00;4959,00;2289,60;"ALPES";;"ALPES";3921,70;7602,00;3573,92;;;;;
"A5.FIL.103.RD3WEP";"60%CO + 40%PC";"ALPES";-1;8844683;"A5.FIL.103.RD3";8844162;"Cottonfiocc nm3600";"WEP";284,14;2945,00;284,14;2945,00;284,14;2945,00;;;0,78;0,00;-13,64;"A5.FIL.103";"RD3";1110,59;0,00;1558,46;11,22;48,26;0,00;;"ALPES";4959;;;;;;;4959,00;;297,00;0,00;0,00;0,00;297,00;297,00;2581,60;4959,00;0,00;0,00;0,00;4959,00;2289,60;"ALPES";;"ALPES";3921,70;7602,00;3573,92;;;;;
"A5.FIL.103.TB7WEP";"60%CO + 40%PC";"ALPES";-1;8844685;"A5.FIL.103.TB7";8844162;"Cottonfiocc nm3600";"WEP";130,61;2945,00;130,61;2945,00;130,61;2945,00;;;65,52;0,00;2,10;"A5.FIL.103";"TB7";1110,59;0,00;1558,46;11,22;48,26;0,00;;"ALPES";4959;;;;;;;4959,00;58,80;126,00;0,00;0,00;0,00;126,00;63,00;2581,60;4959,00;0,00;0,00;0,00;4959,00;2289,60;"ALPES";;"ALPES";3921,70;7602,00;3573,92;;;;;
"A5.FIL.103.UB9WEP";"60%CO + 40%PC";"ALPES";-1;8844198;"A5.FIL.103.UB9";8844162;"Cottonfiocc nm3600";"WEP";55,91;2866,00;55,91;2866,00;55,91;2866,00;14,36;;24,55;2,00;-10,99;"A5.FIL.103";"UB9";1110,59;0,00;1558,46;11,22;48,26;0,00;;"ALPES";4959;;;;;;;4959,00;28,50;60,00;0,00;0,00;0,00;60,00;30,00;2581,60;4959,00;0,00;0,00;0,00;4959,00;2289,60;"ALPES";;"ALPES";3921,70;7602,00;3573,92;;;;;
"A5.FIL.103.UD0WEP";"60%CO + 40%PC";"ALPES";-1;8844199;"A5.FIL.103.UD0";8844162;"Cottonfiocc nm3600";"WEP";490,12;1155,00;490,12;1155,00;490,12;1155,00;360,57;;8,12;0,00;-4,59;"A5.FIL.103";"UD0";1110,59;0,00;1558,46;11,22;48,26;0,00;;"ALPES";4959;;;;;;;4959,00;368,70;504,00;0,00;0,00;0,00;504,00;126,00;2581,60;4959,00;0,00;0,00;0,00;4959,00;2289,60;"ALPES";;"ALPES";3921,70;7602,00;3573,92;;;;;
"A5.FIL.103.UD1WEP";"60%CO + 40%PC";"ALPES";-1;8844200;"A5.FIL.103.UD1";8844162;"Cottonfiocc nm3600";"WEP";159,35;2945,00;159,35;2945,00;159,35;2945,00;;;126,02;0,00;3,34;"A5.FIL.103";"UD1";1110,59;0,00;1558,46;11,22;48,26;0,00;;"ALPES";4959;;;;;;;4959,00;121,20;156,00;0,00;0,00;0,00;156,00;30,00;2581,60;4959,00;0,00;0,00;0,00;4959,00;2289,60;"ALPES";;"ALPES";3921,70;7602,00;3573,92;;;;;
"A5.FIL.109.N98MIBNC";"100%PP";"SESIA";-1;8903761;"A5.FIL.109.N98";8845319;"Daytona nm30000";"MIBNC";4,75;30,00;4,75;30,00;4,75;30,00;;;4,11;0,00;4,75;"A5.FIL.109";"N98";0,00;0,00;4,11;121,34;0,00;0,00;;"SESIA";125;;;;;;;125,00;11,11;10,00;0,00;0,00;0,00;10,00;;92,80;125,00;0,00;0,00;0,00;125,00;35,00;"SESIA";;"SESIA";428,02;1158,00;743,74;;;;;
"A5.FIL.109.U32MIBNC";"100%PP";"SESIA";-1;8845324;"A5.FIL.109.U32";8845319;"Daytona nm30000";"MIBNC";116,58;735,00;116,58;735,00;116,58;735,00;;;;0,00;116,58;"A5.FIL.109";"U32";0,00;0,00;4,11;121,34;0,00;0,00;;"SESIA";125;;;;;;;125,00;81,69;115,00;0,00;0,00;0,00;115,00;35,00;92,80;125,00;0,00;0,00;0,00;125,00;35,00;"SESIA";;"SESIA";428,02;1158,00;743,74;113,19;113,19;113,19;113,19;113,19
"A5.FIL.111.SF2MIB";"67%WM + 30%PA + 3%WO";"LINEAPIUITALIA";-1;8852333;"A5.FIL.111.SF2";8845530;"Camelot unito nm10000";"MIB";40,28;221,00;40,28;221,00;40,28;221,00;2,30;;1,40;6,30;2,88;"A5.FIL.111";"SF2";7,07;0,00;1,40;-13,60;11,43;0,00;;"LINEAPIUITALIA";165;;;;;;;165,00;;40,00;0,00;0,00;0,00;40,00;40,00;;165,00;0,00;0,00;0,00;165,00;165,00;"LINEAPIUITALIA";;"LINEAPIUITALIA";177,00;270,00;96,94;;;;;
"A5.FIL.111.TE2MIB";"67%WM + 30%PA + 3%WO";"LINEAPIUITALIA";-1;8852335;"A5.FIL.111.TE2";8845530;"Camelot unito nm10000";"MIB";108,49;563,00;108,49;563,00;108,49;563,00;4,77;;;5,13;-16,48;"A5.FIL.111";"TE2";7,07;0,00;1,40;-13,60;11,43;0,00;;"LINEAPIUITALIA";165;;;;;;;165,00;;125,00;0,00;0,00;0,00;125,00;125,00;;165,00;0,00;0,00;0,00;165,00;165,00;"LINEAPIUITALIA";;"LINEAPIUITALIA";177,00;270,00;96,94;107,53;107,53;107,53;107,53;107,53
"A5.FIL.117.EE6MA1";"78%VI + 12%MZ + 10%PA";"DOMASO";-1;8846968;"A5.FIL.117.EE6";8846964;"Glamour nm23000";"MA1";218,80;655,00;200,64;608,00;137,27;417,00;104,57;;29,02;30,47;97,34;"A5.FIL.117";"EE6";116,93;0,00;103,66;62,04;61,21;0,00;;"DOMASO";300;;;;;;;300,00;120,97;120,00;0,00;0,00;0,00;120,00;;120,97;300,00;0,00;0,00;0,00;300,00;180,00;"DOMASO";;"DOMASO";5741,20;8089,00;2443,08;38,98;55,04;52,04;38,98;52,04
"A5.FIL.117.H70MA1";"78%VI + 12%MZ + 10%PA";"DOMASO";-1;8846975;"A5.FIL.117.H70";8846964;"Glamour nm23000";"MA1";181,56;499,00;163,23;448,00;119,27;325,00;10,00;;0,37;30,74;3,17;"A5.FIL.117";"H70";116,93;0,00;103,66;62,04;61,21;0,00;;"DOMASO";300;;;;;;;300,00;;180,00;0,00;0,00;0,00;180,00;180,00;120,97;300,00;0,00;0,00;0,00;300,00;180,00;"DOMASO";;"DOMASO";5741,20;8089,00;2443,08;;;;;
"A5.FIL.117.R48MA1";"78%VI + 12%MZ + 10%PA";"DOMASO";-1;8848398;"A5.FIL.117.R48";8846964;"Glamour nm23000";"MA1";22,35;61,00;25,51;73,00;19,49;56,00;2,36;;40,20;0,00;-17,04;"A5.FIL.117";"R48";116,93;0,00;103,66;62,04;61,21;0,00;;"DOMASO";300;;;;;;;300,00;;0,00;0,00;0,00;0,00;0,00;;120,97;300,00;0,00;0,00;0,00;300,00;180,00;"DOMASO";;"DOMASO";5741,20;8089,00;2443,08;;;;;
"A5.FIL.117.T60MA1";"78%VI + 12%MZ + 10%PA";"DOMASO";-1;8846990;"A5.FIL.117.T60";8846964;"Glamour nm23000";"MA1";14,79;55,00;12,64;45,00;5,97;20,00;;;34,07;0,00;-21,43;"A5.FIL.117";"T60";116,93;0,00;103,66;62,04;61,21;0,00;;"DOMASO";300;;;;;;;300,00;;0,00;0,00;0,00;0,00;0,00;;120,97;300,00;0,00;0,00;0,00;300,00;180,00;"DOMASO";;"DOMASO";5741,20;8089,00;2443,08;;;;;
"A5.FIL.120.GC2MIB";"80%VI + 20%MZ";"DOMASO";-1;8857028;"A5.FIL.120.GC2";8847822;"Bartok nm3400";"MIB";1743,74;2284,00;1743,74;2284,00;1743,74;2284,00;497,41;;5,75;19,10;14,68;"A5.FIL.120";"GC2";595,48;0,00;114,08;22,48;28,78;0,00;;"DOMASO";2110;;;;;;;2110,00;501,92;1745,00;0,00;0,00;0,00;1745,00;1245,00;708,32;2110,00;0,00;0,00;0,00;2110,00;1410,00;"DOMASO";;"DOMASO";5741,20;8089,00;2443,08;1742,69;1742,69;1742,69;1742,69;1742,69
"A5.FIL.120.N62MIB";"80%VI + 20%MZ";"DOMASO";-1;8857030;"A5.FIL.120.N62";8847822;"Bartok nm3400";"MIB";369,52;484,00;369,52;484,00;369,52;484,00;98,07;;108,33;9,68;7,80;"A5.FIL.120";"N62";595,48;0,00;114,08;22,48;28,78;0,00;;"DOMASO";2110;;;;;;;2110,00;206,40;365,00;0,00;0,00;0,00;365,00;165,00;708,32;2110,00;0,00;0,00;0,00;2110,00;1410,00;"DOMASO";;"DOMASO";5741,20;8089,00;2443,08;;;;;
"A5.FIL.123.SB0MOR";"35%PA + 30%VI + 30%WO + 5%WS";"FILATURA-PAPI";-1;8868073;"A5.FIL.123.SB0";8848380;"Everest nm3/14500 mouline";"MOR";81,20;215,00;76,33;200,00;58,76;154,00;15,26;;5,74;16,00;71,33;"A5.FIL.123";"SB0";15,26;0,00;5,74;71,33;16,00;0,00;;;;;;;;;;;;0,00;0,00;0,00;0,00;0,00;;;;;;;;;;;"FILATURA-PAPI";1200,00;2350,00;1159,50;;;;;
"A5.FIL.124.T66MOR";"35%PA + 30%VI + 30%WO + 5%WS";"MILLEFILI";-1;8848385;"A5.FIL.124.T66";8848383;"Cashfive geo nm3/15 mouline GRS";"MOR";32,30;85,00;30,44;80,00;23,57;62,00;;;3,50;0,00;26,94;"A5.FIL.124";"T66";0,00;0,00;3,50;26,94;0,00;0,00;;;;;;;;;;;;0,00;0,00;0,00;0,00;0,00;;;;;;;;;;;"MILLEFILI";1063,65;3416,00;2431,92;;;;;
"A5.FIL.125.B22MOR";"35%PA + 30%VI + 30%WO + 5%WS";"MILLEFILI";-1;8848389;"A5.FIL.125.B22";8848387;"Cashfive geo nm15 GRS";"MOR";530,17;1397,00;469,80;1240,00;344,22;913,00;313,04;;34,90;1,24;121,87;"A5.FIL.125";"B22";313,04;0,00;34,90;121,87;1,24;0,00;;"MILLEFILI";300;;;;;;;300,00;305,07;300,00;0,00;0,00;0,00;300,00;;305,07;300,00;0,00;0,00;0,00;300,00;;"MILLEFILI";;"MILLEFILI";1063,65;3416,00;2431,92;;;;;
"A5.FIL.127.E34MOR";"35%PA + 30%VI + 30%WO + 5%WS";"FILATURA-PAPI";-1;8849484;"A5.FIL.127.E34";8849482;"Everest nm2/14500 mouline";"MOR";181,82;566,00;160,30;500,00;118,94;372,00;74,80;;89,48;13,52;9,27;"A5.FIL.127";"E34";74,80;0,00;89,48;9,27;13,52;0,00;;"FILATURA-PAPI";150;;;;;;;150,00;156,20;150,00;0,00;0,00;0,00;150,00;;156,20;150,00;0,00;0,00;0,00;150,00;;"FILATURA-PAPI";;"FILATURA-PAPI";1200,00;2350,00;1159,50;;;;;
"A5.FIL.129.GE4IBL";"51%WO + 33%CO + 15%PA + 1%EA";"PINORI";-1;8852310;"A5.FIL.129.GE4";8852292;"Freddie nm4700";"IBL";56,05;215,00;56,66;217,00;40,74;156,00;7,75;;4,47;9,45;13,74;"A5.FIL.129";"GE4";27,30;0,00;9,14;91,09;30,02;0,00;;"PINORI";160;;;;;;;160,00;;40,00;0,00;0,00;0,00;40,00;40,00;;160,00;0,00;0,00;0,00;160,00;160,00;"PINORI";;"PINORI";160,00;160,00;;;;;;
"A5.FIL.129.Q10IBL";"51%WO + 33%CO + 15%PA + 1%EA";"PINORI";-1;8852311;"A5.FIL.129.Q10";8852292;"Freddie nm4700";"IBL";14,45;49,00;14,77;50,00;10,63;36,00;7,30;;4,67;10,50;12,80;"A5.FIL.129";"Q10";27,30;0,00;9,14;91,09;30,02;0,00;;"PINORI";160;;;;;;;160,00;;0,00;0,00;0,00;0,00;0,00;;;160,00;0,00;0,00;0,00;160,00;160,00;"PINORI";;"PINORI";160,00;160,00;;;;;;
"A5.FIL.129.U46IBL";"51%WO + 33%CO + 15%PA + 1%EA";"PINORI";-1;8852313;"A5.FIL.129.U46";8852292;"Freddie nm4700";"IBL";54,95;200,00;56,73;206,00;39,90;145,00;;;;0,00;16,73;"A5.FIL.129";"U46";27,30;0,00;9,14;91,09;30,02;0,00;;"PINORI";160;;;;;;;160,00;;40,00;0,00;0,00;0,00;40,00;40,00;;160,00;0,00;0,00;0,00;160,00;160,00;"PINORI";;"PINORI";160,00;160,00;;;;;;
"A5.FIL.129.W12IBL";"51%WO + 33%CO + 15%PA + 1%EA";"PINORI";-1;8852314;"A5.FIL.129.W12";8852292;"Freddie nm4700";"IBL";134,91;457,00;130,67;444,00;96,12;327,00;12,25;;;10,07;47,82;"A5.FIL.129";"W12";27,30;0,00;9,14;91,09;30,02;0,00;;"PINORI";160;;;;;;;160,00;;80,00;0,00;0,00;0,00;80,00;80,00;;160,00;0,00;0,00;0,00;160,00;160,00;"PINORI";;"PINORI";160,00;160,00;;;;;;
"A5.FIL.130.N99MCA";"100%WV";"FILTOLLEGNO1900";-1;8927137;"A5.FIL.130.N99";8853117;"Agreable nm2/80";"MCA";22,51;363,00;22,51;363,00;22,51;363,00;;;;0,00;-2,49;"A5.FIL.130";"N99";0,00;0,00;0,00;-1,56;0,00;0,00;;"FILTOLLEGNO1900";71;;;;;;;71,00;;25,00;0,00;0,00;0,00;25,00;25,00;;71,00;0,00;0,00;0,00;71,00;71,00;"FILTOLLEGNO1900";;"FILTOLLEGNO1900";223,00;925,00;707,38;24,32;24,32;24,32;22,51;22,51
"A5.FIL.130.WD5MCA";"100%WV";"FILTOLLEGNO1900";-1;8927138;"A5.FIL.130.WD5";8853117;"Agreable nm2/80";"MCA";46,93;757,00;46,93;757,00;46,93;757,00;;;;0,00;0,93;"A5.FIL.130";"WD5";0,00;0,00;0,00;-1,56;0,00;0,00;;"FILTOLLEGNO1900";71;;;;;;;71,00;;46,00;0,00;0,00;0,00;46,00;46,00;;71,00;0,00;0,00;0,00;71,00;71,00;"FILTOLLEGNO1900";;"FILTOLLEGNO1900";223,00;925,00;707,38;50,71;50,71;50,71;46,93;46,93
"A5.FIL.131.M34PIP";"80%VI + 20%MZ";"DOMASO";-1;8853964;"A5.FIL.131.M34";8853956;"Lario nm1/47500";"PIP";177,16;288,00;177,16;288,00;177,16;288,00;123,65;;45,62;21,59;-12,04;"A5.FIL.131";"M34";123,65;0,00;45,62;-12,04;21,59;0,00;;"DOMASO";210;;;;;;;210,00;170,79;210,00;0,00;0,00;0,00;210,00;40,00;170,79;210,00;0,00;0,00;0,00;210,00;40,00;"DOMASO";;"DOMASO";5741,20;8089,00;2443,08;179,71;179,71;179,71;177,16;177,16
"A5.FIL.133.E32PIP";"80%VI + 20%MZ";"DOMASO";-1;8853971;"A5.FIL.133.E32";8853969;"Lario TF nm1/47500";"PIP";270,09;318,00;270,09;318,00;270,09;318,00;;;;0,00;-3,91;"A5.FIL.133";"E32";0,00;0,00;0,00;-3,91;0,00;0,00;;"DOMASO";274;;;;;;;274,00;;274,00;0,00;0,00;0,00;274,00;274,00;;274,00;0,00;0,00;0,00;274,00;274,00;"DOMASO";;"DOMASO";5741,20;8089,00;2443,08;271,89;271,89;271,89;270,09;270,09
"A5.FIL.161.EC0LIM";"40%WO + 25%PA + 25%VI + 10%WS";"NEWMILL";-1;8866772;"A5.FIL.161.EC0";8866762;"Eco velox nm1/14500";"LIM";174,27;952,00;174,27;952,00;174,27;952,00;104,27;;84,38;0,00;-14,39;"A5.FIL.161";"EC0";468,43;0,00;85,07;-14,68;1,59;0,00;;"NEWMILL";580;;;;;;;580,00;188,66;175,00;0,00;0,00;0,00;175,00;;555,09;580,00;0,00;0,00;0,00;580,00;43,65;"NEWMILL";;"NEWMILL";2162,65;2839,00;696,00;;;;;
"A5.FIL.161.N98DIF";"40%WO + 25%PA + 25%VI + 10%WS";"NEWMILL";-1;8866786;"A5.FIL.161.N98";8866762;"Eco velox nm1/14500";"DIF";150,65;600,00;150,65;600,00;150,65;600,00;364,16;;0,69;1,59;-0,28;"A5.FIL.161";"N98";468,43;0,00;85,07;-14,68;1,59;0,00;;"NEWMILL";580;;;;;;;580,00;366,43;405,00;0,00;0,00;0,00;405,00;43,65;555,09;580,00;0,00;0,00;0,00;580,00;43,65;"NEWMILL";;"NEWMILL";2162,65;2839,00;696,00;;;;;
"A5.FIL.161.N98LIM";"40%WO + 25%PA + 25%VI + 10%WS";"NEWMILL";-1;8866786;"A5.FIL.161.N98";8866762;"Eco velox nm1/14500";"LIM";257,55;1445,00;257,55;1445,00;257,55;1445,00;364,16;;0,69;1,59;-0,28;"A5.FIL.161";"N98";468,43;0,00;85,07;-14,68;1,59;0,00;;"NEWMILL";580;;;;;;;580,00;366,43;405,00;0,00;0,00;0,00;405,00;43,65;555,09;580,00;0,00;0,00;0,00;580,00;43,65;"NEWMILL";;"NEWMILL";2162,65;2839,00;696,00;;;;;
"A5.FIL.183.BA0DIF";"100%WV";"NEWMILL";-1;8874702;"A5.FIL.183.BA0";8874694;"Supersoft nm1/15000 19,5micron";"DIF";19,91;600,00;19,91;600,00;19,91;600,00;;;;0,00;-2,09;"A5.FIL.183";"BA0";0,00;0,00;140,91;-1034,98;0,00;0,00;;"NEWMILL";9679;;;;;;;9679,00;;22,00;0,00;0,00;0,00;22,00;22,00;140,91;1679,00;0,00;0,00;0,00;1679,00;1539,00;"NEWMILL";;"NEWMILL";2162,65;2839,00;696,00;;;;;
"A5.FIL.183.ED4DIF";"100%WV";"NEWMILL";-1;8874716;"A5.FIL.183.ED4";8874694;"Supersoft nm1/15000 19,5micron";"DIF";14,68;600,00;14,68;600,00;14,68;600,00;;;;0,00;-3,32;"A5.FIL.183";"ED4";0,00;0,00;140,91;-1034,98;0,00;0,00;;"NEWMILL";9679;;;;;;;9679,00;;18,00;0,00;0,00;0,00;18,00;18,00;140,91;1679,00;0,00;0,00;0,00;1679,00;1539,00;"NEWMILL";;"NEWMILL";2162,65;2839,00;696,00;;;;;
"A5.FIL.183.K84DIF";"100%WV";"NEWMILL";-1;8874734;"A5.FIL.183.K84";8874694;"Supersoft nm1/15000 19,5micron";"DIF";9,51;600,00;9,51;600,00;9,51;600,00;;;;0,00;-2,49;"A5.FIL.183";"K84";0,00;0,00;140,91;-1034,98;0,00;0,00;;"NEWMILL";9679;;;;;;;9679,00;;12,00;0,00;0,00;0,00;12,00;12,00;140,91;1679,00;0,00;0,00;0,00;1679,00;1539,00;"NEWMILL";;"NEWMILL";2162,65;2839,00;696,00;;;;;
"A5.FIL.183.M16DIF";"100%WV";"NEWMILL";-1;8874739;"A5.FIL.183.M16";8874694;"Supersoft nm1/15000 19,5micron";"DIF";9,51;600,00;9,51;600,00;9,51;600,00;;;;0,00;-1002,49;"A5.FIL.183";"M16";0,00;0,00;140,91;-1034,98;0,00;0,00;;"NEWMILL";9679;;;;;;;9679,00;;1012,00;0,00;0,00;0,00;1012,00;1012,00;140,91;1679,00;0,00;0,00;0,00;1679,00;1539,00;"NEWMILL";;"NEWMILL";2162,65;2839,00;696,00;;;;;
"A5.FIL.183.N48DIF";"100%WV";"NEWMILL";-1;8874758;"A5.FIL.183.N48";8874694;"Supersoft nm1/15000 19,5micron";"DIF";271,77;600,00;271,77;600,00;271,77;600,00;;;;0,00;-3,23;"A5.FIL.183";"N48";0,00;0,00;140,91;-1034,98;0,00;0,00;;"NEWMILL";9679;;;;;;;9679,00;;275,00;0,00;0,00;0,00;275,00;275,00;140,91;1679,00;0,00;0,00;0,00;1679,00;1539,00;"NEWMILL";;"NEWMILL";2162,65;2839,00;696,00;;;;;
"A5.FIL.183.N80DIF";"100%WV";"NEWMILL";-1;8874760;"A5.FIL.183.N80";8874694;"Supersoft nm1/15000 19,5micron";"DIF";215,19;600,00;215,19;600,00;215,19;600,00;;;110,68;0,00;-1,49;"A5.FIL.183";"N80";0,00;0,00;140,91;-1034,98;0,00;0,00;;"NEWMILL";9679;;;;;;;9679,00;110,68;216,00;0,00;0,00;0,00;216,00;106,00;140,91;1679,00;0,00;0,00;0,00;1679,00;1539,00;"NEWMILL";;"NEWMILL";2162,65;2839,00;696,00;;;;;
"A5.FIL.183.N98DIF";"100%WV";"NEWMILL";-1;8874761;"A5.FIL.183.N98";8874694;"Supersoft nm1/15000 19,5micron";"DIF";36,45;1200,00;36,45;1200,00;36,45;1200,00;;;30,23;0,00;-1,78;"A5.FIL.183";"N98";0,00;0,00;140,91;-1034,98;0,00;0,00;;"NEWMILL";9679;;;;;;;9679,00;30,23;38,00;0,00;0,00;0,00;38,00;8,00;140,91;1679,00;0,00;0,00;0,00;1679,00;1539,00;"NEWMILL";;"NEWMILL";2162,65;2839,00;696,00;;;;;
"A5.FIL.183.P32DIF";"100%WV";"NEWMILL";-1;8874767;"A5.FIL.183.P32";8874694;"Supersoft nm1/15000 19,5micron";"DIF";45,71;600,00;45,71;600,00;45,71;600,00;;;;0,00;-14,29;"A5.FIL.183";"P32";0,00;0,00;140,91;-1034,98;0,00;0,00;;"NEWMILL";9679;;;;;;;9679,00;;60,00;0,00;0,00;0,00;60,00;60,00;140,91;1679,00;0,00;0,00;0,00;1679,00;1539,00;"NEWMILL";;"NEWMILL";2162,65;2839,00;696,00;;;;;
"A5.FIL.183.RD0DIF";"100%WV";"NEWMILL";-1;8874782;"A5.FIL.183.RD0";8874694;"Supersoft nm1/15000 19,5micron";"DIF";16,19;600,00;16,19;600,00;16,19;600,00;;;;0,00;-1,81;"A5.FIL.183";"RD0";0,00;0,00;140,91;-1034,98;0,00;0,00;;"NEWMILL";9679;;;;;;;9679,00;;18,00;0,00;0,00;0,00;18,00;18,00;140,91;1679,00;0,00;0,00;0,00;1679,00;1539,00;"NEWMILL";;"NEWMILL";2162,65;2839,00;696,00;;;;;
"A5.FIL.183.Z32DIF";"100%WV";"NEWMILL";-1;8874816;"A5.FIL.183.Z32";8874694;"Supersoft nm1/15000 19,5micron";"DIF";6,02;600,00;6,02;600,00;6,02;600,00;;;;0,00;-1,99;"A5.FIL.183";"Z32";0,00;0,00;140,91;-1034,98;0,00;0,00;;"NEWMILL";9679;;;;;;;9679,00;;8,00;0,00;0,00;0,00;8,00;8,00;140,91;1679,00;0,00;0,00;0,00;1679,00;1539,00;"NEWMILL";;"NEWMILL";2162,65;2839,00;696,00;;;;;
"A5.FIL.197.B12IBL";"38%PC + 32%PA + 30%WM";"IGEASPA";-1;8875577;"A5.FIL.197.B12";8875571;"Antares nm9500";"IBL";10,56;517,00;10,40;505,00;8,68;410,00;;;12,20;0,00;-1,80;"A5.FIL.197";"B12";139,84;0,00;153,35;79,12;32,42;0,00;;"IGEASPA";1146;;;;;;;1146,00;12,20;10,00;0,00;0,00;0,00;10,00;;323,60;1146,00;0,00;0,00;0,00;1146,00;828,00;"IGEASPA";;"IGEASPA";1311,00;1629,00;323,60;;;;;
"A5.FIL.197.E16DIF";"38%PC + 32%PA + 30%WM";"IGEASPA";-1;8875579;"A5.FIL.197.E16";8875571;"Antares nm9500";"DIF";101,03;500,00;101,03;500,00;101,03;500,00;;;;0,00;-18,97;"A5.FIL.197";"E16";139,84;0,00;153,35;79,12;32,42;0,00;;"IGEASPA";1146;;;;;;;1146,00;;120,00;0,00;0,00;0,00;120,00;120,00;323,60;1146,00;0,00;0,00;0,00;1146,00;828,00;"IGEASPA";;"IGEASPA";1311,00;1629,00;323,60;;;;;
"A5.FIL.197.EB0DIF";"38%PC + 32%PA + 30%WM";"IGEASPA";-1;8994863;"A5.FIL.197.EB0";8875571;"Antares nm9500";"DIF";101,03;500,00;101,03;500,00;101,03;500,00;;;;0,00;-18,97;"A5.FIL.197";"EB0";139,84;0,00;153,35;79,12;32,42;0,00;;"IGEASPA";1146;;;;;;;1146,00;;120,00;0,00;0,00;0,00;120,00;120,00;323,60;1146,00;0,00;0,00;0,00;1146,00;828,00;"IGEASPA";;"IGEASPA";1311,00;1629,00;323,60;;;;;
"A5.FIL.197.K06IBL";"38%PC + 32%PA + 30%WM";"IGEASPA";-1;8906218;"A5.FIL.197.K06";8875571;"Antares nm9500";"IBL";76,51;301,00;76,88;300,00;53,61;210,00;;;;0,00;-3,12;"A5.FIL.197";"K06";139,84;0,00;153,35;79,12;32,42;0,00;;"IGEASPA";1146;;;;;;;1146,00;;80,00;0,00;0,00;0,00;80,00;80,00;323,60;1146,00;0,00;0,00;0,00;1146,00;828,00;"IGEASPA";;"IGEASPA";1311,00;1629,00;323,60;11,76;16,85;16,21;11,76;16,21
"A5.FIL.197.N36IBL";"38%PC + 32%PA + 30%WM";"IGEASPA";-1;8905114;"A5.FIL.197.N36";8875571;"Antares nm9500";"IBL";145,19;749,00;140,63;727,00;100,42;519,00;62,55;;17,90;0,96;60,19;"A5.FIL.197";"N36";139,84;0,00;153,35;79,12;32,42;0,00;;"IGEASPA";1146;;;;;;;1146,00;81,40;80,00;0,00;0,00;0,00;80,00;;323,60;1146,00;0,00;0,00;0,00;1146,00;828,00;"IGEASPA";;"IGEASPA";1311,00;1629,00;323,60;;;;;
"A5.FIL.197.N92DIF";"38%PC + 32%PA + 30%WM";"IGEASPA";-1;8875596;"A5.FIL.197.N92";8875571;"Antares nm9500";"DIF";130,87;1100,00;130,87;1100,00;130,87;1100,00;4,04;;;29,46;6,82;"A5.FIL.197";"N92";139,84;0,00;153,35;79,12;32,42;0,00;;"IGEASPA";1146;;;;;;;1146,00;33,50;153,00;0,00;0,00;0,00;153,00;120,00;323,60;1146,00;0,00;0,00;0,00;1146,00;828,00;"IGEASPA";;"IGEASPA";1311,00;1629,00;323,60;;;;;
"A5.FIL.197.N98IBL";"38%PC + 32%PA + 30%WM";"IGEASPA";-1;8875597;"A5.FIL.197.N98";8875571;"Antares nm9500";"IBL";28,00;132,00;28,04;132,00;24,88;117,00;;;;0,00;-11,96;"A5.FIL.197";"N98";139,84;0,00;153,35;79,12;32,42;0,00;;"IGEASPA";1146;;;;;;;1146,00;;40,00;0,00;0,00;0,00;40,00;40,00;323,60;1146,00;0,00;0,00;0,00;1146,00;828,00;"IGEASPA";;"IGEASPA";1311,00;1629,00;323,60;;;;;
"A5.FIL.197.N99IBL";"38%PC + 32%PA + 30%WM";"IGEASPA";-1;8875598;"A5.FIL.197.N99";8875571;"Antares nm9500";"IBL";105,72;714,00;102,48;692,00;77,89;525,00;;;;0,00;22,48;"A5.FIL.197";"N99";139,84;0,00;153,35;79,12;32,42;0,00;;"IGEASPA";1146;;;;;;;1146,00;;80,00;0,00;0,00;0,00;80,00;80,00;323,60;1146,00;0,00;0,00;0,00;1146,00;828,00;"IGEASPA";;"IGEASPA";1311,00;1629,00;323,60;;;;;
"A5.FIL.197.O20DIF";"38%PC + 32%PA + 30%WM";"IGEASPA";-1;8875599;"A5.FIL.197.O20";8875571;"Antares nm9500";"DIF";32,23;600,00;32,23;600,00;32,23;600,00;32,23;;3,17;0,00;-3,17;"A5.FIL.197";"O20";139,84;0,00;153,35;79,12;32,42;0,00;;"IGEASPA";1146;;;;;;;1146,00;35,40;35,00;0,00;0,00;0,00;35,00;;323,60;1146,00;0,00;0,00;0,00;1146,00;828,00;"IGEASPA";;"IGEASPA";1311,00;1629,00;323,60;;;;;
"A5.FIL.197.R70IBL";"38%PC + 32%PA + 30%WM";"IGEASPA";-1;8995013;"A5.FIL.197.R70";8875571;"Antares nm9500";"IBL";81,73;409,00;81,44;408,00;61,48;308,00;;;;0,00;21,44;"A5.FIL.197";"R70";139,84;0,00;153,35;79,12;32,42;0,00;;"IGEASPA";1146;;;;;;;1146,00;;60,00;0,00;0,00;0,00;60,00;60,00;323,60;1146,00;0,00;0,00;0,00;1146,00;828,00;"IGEASPA";;"IGEASPA";1311,00;1629,00;323,60;;;;;
"A5.FIL.197.S32DIF";"38%PC + 32%PA + 30%WM";"IGEASPA";-1;8997387;"A5.FIL.197.S32";8875571;"Antares nm9500";"DIF";146,10;500,00;146,10;500,00;146,10;500,00;;;;0,00;-1,90;"A5.FIL.197";"S32";139,84;0,00;153,35;79,12;32,42;0,00;;"IGEASPA";1146;;;;;;;1146,00;;148,00;0,00;0,00;0,00;148,00;148,00;323,60;1146,00;0,00;0,00;0,00;1146,00;828,00;"IGEASPA";;"IGEASPA";1311,00;1629,00;323,60;;;;;
"A5.FIL.197.T21IBL";"38%PC + 32%PA + 30%WM";"IGEASPA";-1;8951537;"A5.FIL.197.T21";8875571;"Antares nm9500";"IBL";89,26;810,00;85,48;779,00;67,87;615,00;;;80,80;0,00;4,68;"A5.FIL.197";"T21";139,84;0,00;153,35;79,12;32,42;0,00;;"IGEASPA";1146;;;;;;;1146,00;80,80;80,00;0,00;0,00;0,00;80,00;;323,60;1146,00;0,00;0,00;0,00;1146,00;828,00;"IGEASPA";;"IGEASPA";1311,00;1629,00;323,60;50,03;59,33;61,93;50,03;61,93
"A5.FIL.197.U61IBL";"38%PC + 32%PA + 30%WM";"IGEASPA";-1;8951536;"A5.FIL.197.U61";8875571;"Antares nm9500";"IBL";54,75;333,00;52,93;322,00;41,44;252,00;;;;0,00;-7,07;"A5.FIL.197";"U61";139,84;0,00;153,35;79,12;32,42;0,00;;"IGEASPA";1146;;;;;;;1146,00;;60,00;0,00;0,00;0,00;60,00;60,00;323,60;1146,00;0,00;0,00;0,00;1146,00;828,00;"IGEASPA";;"IGEASPA";1311,00;1629,00;323,60;;;;;
"A5.FIL.197.W02IBL";"38%PC + 32%PA + 30%WM";"IGEASPA";-1;8905002;"A5.FIL.197.W02";8875571;"Antares nm9500";"IBL";110,32;1492,00;108,77;1447,00;80,31;1090,00;41,02;;39,28;2,00;30,47;"A5.FIL.197";"W02";139,84;0,00;153,35;79,12;32,42;0,00;;"IGEASPA";1146;;;;;;;1146,00;80,30;80,00;0,00;0,00;0,00;80,00;;323,60;1146,00;0,00;0,00;0,00;1146,00;828,00;"IGEASPA";;"IGEASPA";1311,00;1629,00;323,60;25,87;30,51;32,61;25,87;32,61
"A5.FIL.200.BB0DIF";"36%PC + 30%WP + 28%PA + 6%WO";"MILLEFILI";-1;8881182;"A5.FIL.200.BB0";8875702;"Aff-hair nm9";"DIF";102,23;500,00;102,23;500,00;102,23;500,00;;;;0,00;-2,77;"A5.FIL.200";"BB0";6,12;0,00;23,04;-37,17;0,46;0,00;;"MILLEFILI";433;;;;;;;433,00;;105,00;0,00;0,00;0,00;105,00;105,00;;433,00;0,00;0,00;0,00;433,00;433,00;"MILLEFILI";;"MILLEFILI";1063,65;3416,00;2431,92;;;;;
"A5.FIL.200.N54DIF";"36%PC + 30%WP + 28%PA + 6%WO";"MILLEFILI";-1;8875715;"A5.FIL.200.N54";8875702;"Aff-hair nm9";"DIF";120,28;600,00;120,28;600,00;120,28;600,00;;;17,04;0,00;-18,76;"A5.FIL.200";"N54";6,12;0,00;23,04;-37,17;0,46;0,00;;"MILLEFILI";433;;;;;;;433,00;;122,00;0,00;0,00;0,00;122,00;122,00;;433,00;0,00;0,00;0,00;433,00;433,00;"MILLEFILI";;"MILLEFILI";1063,65;3416,00;2431,92;;;;;
"A5.FIL.200.WC2DIF";"36%PC + 30%WP + 28%PA + 6%WO";"MILLEFILI";-1;8875725;"A5.FIL.200.WC2";8875702;"Aff-hair nm9";"DIF";100,25;500,00;100,25;500,00;100,25;500,00;;;6,00;0,00;-8,75;"A5.FIL.200";"WC2";6,12;0,00;23,04;-37,17;0,46;0,00;;"MILLEFILI";433;;;;;;;433,00;;103,00;0,00;0,00;0,00;103,00;103,00;;433,00;0,00;0,00;0,00;433,00;433,00;"MILLEFILI";;"MILLEFILI";1063,65;3416,00;2431,92;;;;;
"A5.FIL.200.WE0DIF";"36%PC + 30%WP + 28%PA + 6%WO";"MILLEFILI";-1;8875726;"A5.FIL.200.WE0";8875702;"Aff-hair nm9";"DIF";102,23;500,00;102,23;500,00;102,23;500,00;6,12;;;0,46;-6,89;"A5.FIL.200";"WE0";6,12;0,00;23,04;-37,17;0,46;0,00;;"MILLEFILI";433;;;;;;;433,00;;103,00;0,00;0,00;0,00;103,00;103,00;;433,00;0,00;0,00;0,00;433,00;433,00;"MILLEFILI";;"MILLEFILI";1063,65;3416,00;2431,92;;;;;
"A5.FIL.218.N32DIF";"34%PA + 30%PC + 28%WM + 8%PL";"ALPES";-1;8885103;"A5.FIL.218.N32";8885079;"Plancton nm7000";"DIF";198,10;600,00;198,10;600,00;198,10;600,00;;;;0,00;-11,90;"A5.FIL.218";"N32";0,00;0,00;3,24;-30,26;0,00;0,00;;"ALPES";655;;;;;;;655,00;;210,00;0,00;0,00;0,00;210,00;210,00;;655,00;0,00;0,00;0,00;655,00;655,00;"ALPES";;"ALPES";3921,70;7602,00;3573,92;;;;;
"A5.FIL.218.N50DIF";"34%PA + 30%PC + 28%WM + 8%PL";"ALPES";-1;8885104;"A5.FIL.218.N50";8885079;"Plancton nm7000";"DIF";234,50;600,00;234,50;600,00;234,50;600,00;;;3,24;0,00;-3,74;"A5.FIL.218";"N50";0,00;0,00;3,24;-30,26;0,00;0,00;;"ALPES";655;;;;;;;655,00;;235,00;0,00;0,00;0,00;235,00;235,00;;655,00;0,00;0,00;0,00;655,00;655,00;"ALPES";;"ALPES";3921,70;7602,00;3573,92;;;;;
"A5.FIL.218.N98DIF";"34%PA + 30%PC + 28%WM + 8%PL";"ALPES";-1;8885106;"A5.FIL.218.N98";8885079;"Plancton nm7000";"DIF";195,38;500,00;195,38;500,00;195,38;500,00;;;;0,00;-14,62;"A5.FIL.218";"N98";0,00;0,00;3,24;-30,26;0,00;0,00;;"ALPES";655;;;;;;;655,00;;210,00;0,00;0,00;0,00;210,00;210,00;;655,00;0,00;0,00;0,00;655,00;655,00;"ALPES";;"ALPES";3921,70;7602,00;3573,92;;;;;
"A5.FIL.230.B36DIF";"50%WP + 28%PA + 22%WO";"FABIANO";-1;8955190;"A5.FIL.230.B36";8885837;"Alpafine nm9000";"DIF";185,32;500,00;185,32;500,00;185,32;500,00;;;;0,00;-4,69;"A5.FIL.230";"B36";0,00;0,00;0,00;-9,38;0,00;0,00;;"FABIANO";380;;;;;;;380,00;;190,00;0,00;0,00;0,00;190,00;190,00;;380,00;0,00;0,00;0,00;380,00;380,00;"FABIANO";;"FABIANO";380,00;380,00;;;;;;
"A5.FIL.230.N98DIF";"50%WP + 28%PA + 22%WO";"FABIANO";-1;8955191;"A5.FIL.230.N98";8885837;"Alpafine nm9000";"DIF";185,32;500,00;185,32;500,00;185,32;500,00;;;;0,00;-4,69;"A5.FIL.230";"N98";0,00;0,00;0,00;-9,38;0,00;0,00;;"FABIANO";380;;;;;;;380,00;;190,00;0,00;0,00;0,00;190,00;190,00;;380,00;0,00;0,00;0,00;380,00;380,00;"FABIANO";;"FABIANO";380,00;380,00;;;;;;
"A5.FIL.234.BB4DIF";"100%WV";"CASADELFILATO";-1;8994861;"A5.FIL.234.BB4";8885590;"Babywool nm1/15000 19micron";"DIF";689,57;2600,00;689,57;2600,00;689,57;2600,00;;;;0,00;-5,43;"A5.FIL.234";"BB4";0,00;0,00;0,00;-33,54;0,00;0,00;;"CASADELFILATO";4438;;;;;;;4438,00;;695,00;0,00;0,00;0,00;695,00;695,00;;4438,00;0,00;0,00;0,00;4438,00;4438,00;"CASADELFILATO";;"CASADELFILATO";4913,00;4973,00;60,00;;;;;
"A5.FIL.234.EB0DIF";"100%WV";"CASADELFILATO";-1;8994862;"A5.FIL.234.EB0";8885590;"Babywool nm1/15000 19micron";"DIF";241,10;600,00;241,10;600,00;241,10;600,00;;;;0,00;-3,90;"A5.FIL.234";"EB0";0,00;0,00;0,00;-33,54;0,00;0,00;;"CASADELFILATO";4438;;;;;;;4438,00;;245,00;0,00;0,00;0,00;245,00;245,00;;4438,00;0,00;0,00;0,00;4438,00;4438,00;"CASADELFILATO";;"CASADELFILATO";4913,00;4973,00;60,00;;;;;
"A5.FIL.234.M24DIF";"100%WV";"CASADELFILATO";-1;8885599;"A5.FIL.234.M24";8885590;"Babywool nm1/15000 19micron";"DIF";231,11;500,00;231,11;500,00;231,11;500,00;;;;0,00;-3,89;"A5.FIL.234";"M24";0,00;0,00;0,00;-33,54;0,00;0,00;;"CASADELFILATO";4438;;;;;;;4438,00;;235,00;0,00;0,00;0,00;235,00;235,00;;4438,00;0,00;0,00;0,00;4438,00;4438,00;"CASADELFILATO";;"CASADELFILATO";4913,00;4973,00;60,00;;;;;
"A5.FIL.234.M40DIF";"100%WV";"CASADELFILATO";-1;8994877;"A5.FIL.234.M40";8885590;"Babywool nm1/15000 19micron";"DIF";137,24;500,00;137,24;500,00;137,24;500,00;;;;0,00;-2,76;"A5.FIL.234";"M40";0,00;0,00;0,00;-33,54;0,00;0,00;;"CASADELFILATO";4438;;;;;;;4438,00;;140,00;0,00;0,00;0,00;140,00;140,00;;4438,00;0,00;0,00;0,00;4438,00;4438,00;"CASADELFILATO";;"CASADELFILATO";4913,00;4973,00;60,00;;;;;
"A5.FIL.234.N34DIF";"100%WV";"CASADELFILATO";-1;8885601;"A5.FIL.234.N34";8885590;"Babywool nm1/15000 19micron";"DIF";1028,76;2800,00;1028,76;2800,00;1028,76;2800,00;;;;0,00;-1,24;"A5.FIL.234";"N34";0,00;0,00;0,00;-33,54;0,00;0,00;;"CASADELFILATO";4438;;;;;;;4438,00;;1030,00;0,00;0,00;0,00;1030,00;1030,00;;4438,00;0,00;0,00;0,00;4438,00;4438,00;"CASADELFILATO";;"CASADELFILATO";4913,00;4973,00;60,00;;;;;
"A5.FIL.234.N98DIF";"100%WV";"CASADELFILATO";-1;8885602;"A5.FIL.234.N98";8885590;"Babywool nm1/15000 19micron";"DIF";740,27;1500,00;740,27;1500,00;740,27;1500,00;;;;0,00;-4,73;"A5.FIL.234";"N98";0,00;0,00;0,00;-33,54;0,00;0,00;;"CASADELFILATO";4438;;;;;;;4438,00;;745,00;0,00;0,00;0,00;745,00;745,00;;4438,00;0,00;0,00;0,00;4438,00;4438,00;"CASADELFILATO";;"CASADELFILATO";4913,00;4973,00;60,00;;;;;
"A5.FIL.234.R18DIF";"100%WV";"CASADELFILATO";-1;8995680;"A5.FIL.234.R18";8885590;"Babywool nm1/15000 19micron";"DIF";41,14;1200,00;41,14;1200,00;41,14;1200,00;;;;0,00;-3,86;"A5.FIL.234";"R18";0,00;0,00;0,00;-33,54;0,00;0,00;;"CASADELFILATO";4438;;;;;;;4438,00;;45,00;0,00;0,00;0,00;45,00;45,00;;4438,00;0,00;0,00;0,00;4438,00;4438,00;"CASADELFILATO";;"CASADELFILATO";4913,00;4973,00;60,00;;;;;
"A5.FIL.234.T20DIF";"100%WV";"CASADELFILATO";-1;8995681;"A5.FIL.234.T20";8885590;"Babywool nm1/15000 19micron";"DIF";4,98;600,00;4,98;600,00;4,98;600,00;;;;0,00;-3,02;"A5.FIL.234";"T20";0,00;0,00;0,00;-33,54;0,00;0,00;;"CASADELFILATO";4438;;;;;;;4438,00;;8,00;0,00;0,00;0,00;8,00;8,00;;4438,00;0,00;0,00;0,00;4438,00;4438,00;"CASADELFILATO";;"CASADELFILATO";4913,00;4973,00;60,00;;;;;
"A5.FIL.234.U46DIF";"100%WV";"CASADELFILATO";-1;8885608;"A5.FIL.234.U46";8885590;"Babywool nm1/15000 19micron";"DIF";1153,06;2500,00;1153,06;2500,00;1153,06;2500,00;;;;0,00;-1,95;"A5.FIL.234";"U46";0,00;0,00;0,00;-33,54;0,00;0,00;;"CASADELFILATO";4438;;;;;;;4438,00;;1155,00;0,00;0,00;0,00;1155,00;1155,00;;4438,00;0,00;0,00;0,00;4438,00;4438,00;"CASADELFILATO";;"CASADELFILATO";4913,00;4973,00;60,00;;;;;
"A5.FIL.234.W08DIF";"100%WV";"CASADELFILATO";-1;8885609;"A5.FIL.234.W08";8885590;"Babywool nm1/15000 19micron";"DIF";137,24;500,00;137,24;500,00;137,24;500,00;;;;0,00;-2,76;"A5.FIL.234";"W08";0,00;0,00;0,00;-33,54;0,00;0,00;;"CASADELFILATO";4438;;;;;;;4438,00;;140,00;0,00;0,00;0,00;140,00;140,00;;4438,00;0,00;0,00;0,00;4438,00;4438,00;"CASADELFILATO";;"CASADELFILATO";4913,00;4973,00;60,00;;;;;
"A5.FIL.248.M31IBL";"40%PC + 30%PA + 30%WM";"MISTERJOE";-1;8989881;"A5.FIL.248.M31";8906253;"Oxford nm9000";"IBL";67,68;1408,00;65,46;1358,00;46,46;1009,00;;;;0,00;5,46;"A5.FIL.248";"M31";23,48;0,00;22,52;-0,93;0,00;0,00;;"MISTERJOE";100;;;;;;;100,00;;60,00;0,00;0,00;0,00;60,00;60,00;41,58;100,00;0,00;0,00;0,00;100,00;60,00;"MISTERJOE";;"MISTERJOE";60,00;100,00;41,58;5,11;6,06;6,32;5,11;6,32
"A5.FIL.248.R05IBL";"40%PC + 30%PA + 30%WM";"MISTERJOE";-1;8906276;"A5.FIL.248.R05";8906253;"Oxford nm9000";"IBL";1,67;333,00;1,62;322,00;1,26;252,00;;;4,42;0,00;-2,80;"A5.FIL.248";"R05";23,48;0,00;22,52;-0,93;0,00;0,00;;"MISTERJOE";100;;;;;;;100,00;;0,00;0,00;0,00;0,00;0,00;;41,58;100,00;0,00;0,00;0,00;100,00;60,00;"MISTERJOE";;"MISTERJOE";60,00;100,00;41,58;;;;;
"A5.FIL.248.S36IBL";"40%PC + 30%PA + 30%WM";"MISTERJOE";-1;8906279;"A5.FIL.248.S36";8906253;"Oxford nm9000";"IBL";38,86;198,00;37,99;194,00;27,23;139,00;23,48;;18,10;0,00;-3,59;"A5.FIL.248";"S36";23,48;0,00;22,52;-0,93;0,00;0,00;;"MISTERJOE";100;;;;;;;100,00;41,58;40,00;0,00;0,00;0,00;40,00;;41,58;100,00;0,00;0,00;0,00;100,00;60,00;"MISTERJOE";;"MISTERJOE";60,00;100,00;41,58;13,06;16,88;17,28;13,06;17,28
"A5.FIL.249.E52IBL";"40%PC + 30%PA + 30%WM";"FILATIRICCIO";-1;8906300;"A5.FIL.249.E52";8906294;"Dallas nm9500";"IBL";46,22;219,00;44,67;212,00;31,62;150,00;;;;0,00;16,67;"A5.FIL.249";"E52";0,00;0,00;0,00;15,67;0,00;0,00;;"FILATIRICCIO";156;;;;;;;156,00;;28,00;0,00;0,00;0,00;28,00;28,00;;142,00;0,00;0,00;0,00;142,00;142,00;"FILATIRICCIO";;"FILATIRICCIO";142,00;142,00;;;;;;
"A5.FIL.249.E53IBL";"40%PC + 30%PA + 30%WM";"FILATIRICCIO";-1;8951538;"A5.FIL.249.E53";8906294;"Dallas nm9500";"IBL";6,39;213,00;6,23;208,00;4,62;154,00;;;;0,00;-7,77;"A5.FIL.249";"E53";0,00;0,00;0,00;15,67;0,00;0,00;;"FILATIRICCIO";156;;;;;;;156,00;;14,00;0,00;0,00;0,00;14,00;14,00;;142,00;0,00;0,00;0,00;142,00;142,00;"FILATIRICCIO";;"FILATIRICCIO";142,00;142,00;;;;;;
"A5.FIL.249.G51IBL";"40%PC + 30%PA + 30%WM";"FILATIRICCIO";-1;8951539;"A5.FIL.249.G51";8906294;"Dallas nm9500";"IBL";18,74;213,00;18,28;208,00;13,54;154,00;;;;0,00;4,28;"A5.FIL.249";"G51";0,00;0,00;0,00;15,67;0,00;0,00;;"FILATIRICCIO";156;;;;;;;156,00;;14,00;0,00;0,00;0,00;14,00;14,00;;142,00;0,00;0,00;0,00;142,00;142,00;"FILATIRICCIO";;"FILATIRICCIO";142,00;142,00;;;;;;
"A5.FIL.249.T32IBL";"40%PC + 30%PA + 30%WM";"FILATIRICCIO";-1;8906321;"A5.FIL.249.T32";8906294;"Dallas nm9500";"IBL";51,03;298,00;50,29;293,00;39,31;233,00;;;;0,00;-7,71;"A5.FIL.249";"T32";0,00;0,00;0,00;15,67;0,00;0,00;;"FILATIRICCIO";156;;;;;;;156,00;;58,00;0,00;0,00;0,00;58,00;58,00;;142,00;0,00;0,00;0,00;142,00;142,00;"FILATIRICCIO";;"FILATIRICCIO";142,00;142,00;;;;;;
"A5.FIL.249.T33IBL";"40%PC + 30%PA + 30%WM";"FILATIRICCIO";-1;8951540;"A5.FIL.249.T33";8906294;"Dallas nm9500";"IBL";5,33;34,00;5,33;34,00;3,93;25,00;;;;0,00;5,33;"A5.FIL.249";"T33";0,00;0,00;0,00;15,67;0,00;0,00;;"FILATIRICCIO";156;;;;;;;156,00;;0,00;0,00;0,00;0,00;0,00;;;142,00;0,00;0,00;0,00;142,00;142,00;"FILATIRICCIO";;"FILATIRICCIO";142,00;142,00;;;;;;
"A5.FIL.249.U28IBL";"40%PC + 30%PA + 30%WM";"FILATIRICCIO";-1;8960157;"A5.FIL.249.U28";8906294;"Dallas nm9500";"IBL";33,30;160,00;32,87;160,00;26,63;129,00;;;;0,00;4,87;"A5.FIL.249";"U28";0,00;0,00;0,00;15,67;0,00;0,00;;"FILATIRICCIO";156;;;;;;;156,00;;28,00;0,00;0,00;0,00;28,00;28,00;;142,00;0,00;0,00;0,00;142,00;142,00;"FILATIRICCIO";;"FILATIRICCIO";142,00;142,00;;;;;;
"A5.FIL.259.ER2DIF";"50%WP + 50%PA";"MILLEFILI";-1;8938373;"A5.FIL.259.ER2";8938369;"Hair-plane nm9 GRS";"DIF";82,11;500,00;82,11;500,00;82,11;500,00;;;;0,00;-2,90;"A5.FIL.259";"ER2";0,00;0,00;0,00;-8,70;0,00;0,00;;"MILLEFILI";255;;;;;;;255,00;;85,00;0,00;0,00;0,00;85,00;85,00;;255,00;0,00;0,00;0,00;255,00;255,00;"MILLEFILI";;"MILLEFILI";1063,65;3416,00;2431,92;;;;;
"A5.FIL.259.N48DIF";"50%WP + 50%PA";"MILLEFILI";-1;8938377;"A5.FIL.259.N48";8938369;"Hair-plane nm9 GRS";"DIF";82,11;500,00;82,11;500,00;82,11;500,00;;;;0,00;-2,90;"A5.FIL.259";"N48";0,00;0,00;0,00;-8,70;0,00;0,00;;"MILLEFILI";255;;;;;;;255,00;;85,00;0,00;0,00;0,00;85,00;85,00;;255,00;0,00;0,00;0,00;255,00;255,00;"MILLEFILI";;"MILLEFILI";1063,65;3416,00;2431,92;;;;;
"A5.FIL.259.S36DIF";"50%WP + 50%PA";"MILLEFILI";-1;8955189;"A5.FIL.259.S36";8938369;"Hair-plane nm9 GRS";"DIF";82,11;500,00;82,11;500,00;82,11;500,00;;;;0,00;-2,90;"A5.FIL.259";"S36";0,00;0,00;0,00;-8,70;0,00;0,00;;"MILLEFILI";255;;;;;;;255,00;;85,00;0,00;0,00;0,00;85,00;85,00;;255,00;0,00;0,00;0,00;255,00;255,00;"MILLEFILI";;"MILLEFILI";1063,65;3416,00;2431,92;;;;;
"A5.FIL.275.E00DIF";"49%PC + 17%PA + 16%WM + 16%WO + 2%EA";"COFIL";-1;8946527;"A5.FIL.275.E00";8946525;"Peggy nm5500";"DIF";218,39;600,00;218,39;600,00;218,39;600,00;218,39;;5,83;0,21;-5,82;"A5.FIL.275";"E00";436,78;0,00;8,63;-11,85;1,04;0,00;;"COFIL";880;;;;;;;880,00;224,43;220,00;0,00;0,00;0,00;220,00;;446,45;880,00;0,00;0,00;0,00;880,00;440,00;"COFIL";;"COFIL";440,00;880,00;446,45;;;;;
"A5.FIL.275.E18DIF";"49%PC + 17%PA + 16%WM + 16%WO + 2%EA";"COFIL";-1;8946528;"A5.FIL.275.E18";8946525;"Peggy nm5500";"DIF";218,39;600,00;218,39;600,00;218,39;600,00;218,39;;2,80;0,83;-2,79;"A5.FIL.275";"E18";436,78;0,00;8,63;-11,85;1,04;0,00;;"COFIL";880;;;;;;;880,00;222,02;220,00;0,00;0,00;0,00;220,00;;446,45;880,00;0,00;0,00;0,00;880,00;440,00;"COFIL";;"COFIL";440,00;880,00;446,45;;;;;
"A5.FIL.275.N72DIF";"49%PC + 17%PA + 16%WM + 16%WO + 2%EA";"COFIL";-1;8946529;"A5.FIL.275.N72";8946525;"Peggy nm5500";"DIF";218,39;600,00;218,39;600,00;218,39;600,00;;;;0,00;-1,61;"A5.FIL.275";"N72";436,78;0,00;8,63;-11,85;1,04;0,00;;"COFIL";880;;;;;;;880,00;;220,00;0,00;0,00;0,00;220,00;220,00;446,45;880,00;0,00;0,00;0,00;880,00;440,00;"COFIL";;"COFIL";440,00;880,00;446,45;;;;;
"A5.FIL.275.U30DIF";"49%PC + 17%PA + 16%WM + 16%WO + 2%EA";"COFIL";-1;8955188;"A5.FIL.275.U30";8946525;"Peggy nm5500";"DIF";218,39;600,00;218,39;600,00;218,39;600,00;;;;0,00;-1,61;"A5.FIL.275";"U30";436,78;0,00;8,63;-11,85;1,04;0,00;;"COFIL";880;;;;;;;880,00;;220,00;0,00;0,00;0,00;220,00;220,00;446,45;880,00;0,00;0,00;0,00;880,00;440,00;"COFIL";;"COFIL";440,00;880,00;446,45;;;;;
"A5.FIL.277.MA0DIF";"40%WO + 25%PA + 25%VI + 10%WS";"NEWMILL";-1;8946628;"A5.FIL.277.MA0";8946614;"Green lynn nm14500 GRS";"DIF";284,75;500,00;284,75;500,00;284,75;500,00;;;;0,00;-5,25;"A5.FIL.277";"MA0";0,00;0,00;0,00;-10,50;0,00;0,00;;"NEWMILL";580;;;;;;;580,00;;290,00;0,00;0,00;0,00;290,00;290,00;;580,00;0,00;0,00;0,00;580,00;580,00;"NEWMILL";;"NEWMILL";2162,65;2839,00;696,00;;;;;
"A5.FIL.277.N98DIF";"40%WO + 25%PA + 25%VI + 10%WS";"NEWMILL";-1;8946631;"A5.FIL.277.N98";8946614;"Green lynn nm14500 GRS";"DIF";284,75;500,00;284,75;500,00;284,75;500,00;;;;0,00;-5,25;"A5.FIL.277";"N98";0,00;0,00;0,00;-10,50;0,00;0,00;;"NEWMILL";580;;;;;;;580,00;;290,00;0,00;0,00;0,00;290,00;290,00;;580,00;0,00;0,00;0,00;580,00;580,00;"NEWMILL";;"NEWMILL";2162,65;2839,00;696,00;;;;;
"A5.FIL.278.E14DIF";"70%VI + 15%MZ + 15%PL";"DOMASO";-1;8949838;"A5.FIL.278.E14";8949830;"Bach nm34000";"DIF";26,46;500,00;26,46;500,00;26,46;500,00;;;;0,00;-1,54;"A5.FIL.278";"E14";0,00;0,00;0,00;-3,79;0,00;0,00;;"DOMASO";62;;;;;;;62,00;;28,00;0,00;0,00;0,00;28,00;28,00;;62,00;0,00;0,00;0,00;62,00;62,00;"DOMASO";;"DOMASO";5741,20;8089,00;2443,08;;;;;
"A5.FIL.278.N10DIF";"70%VI + 15%MZ + 15%PL";"DOMASO";-1;8949861;"A5.FIL.278.N10";8949830;"Bach nm34000";"DIF";31,75;600,00;31,75;600,00;31,75;600,00;;;;0,00;-2,25;"A5.FIL.278";"N10";0,00;0,00;0,00;-3,79;0,00;0,00;;"DOMASO";62;;;;;;;62,00;;34,00;0,00;0,00;0,00;34,00;34,00;;62,00;0,00;0,00;0,00;62,00;62,00;"DOMASO";;"DOMASO";5741,20;8089,00;2443,08;;;;;
"A5.FIL.281.P40DIF";"40%PC + 30%WM + 30%PA";"ECAFILBEST";-1;8950139;"A5.FIL.281.P40";8950129;"Jupiter nm2200";"DIF";82,43;200,00;82,43;200,00;82,43;200,00;;;115,01;0,00;-32,58;"A5.FIL.281";"P40";0,00;0,00;115,01;-32,58;0,00;0,00;;"ECAFILBEST";85;;;;;;;85,00;115,01;85,00;0,00;0,00;0,00;85,00;;115,01;85,00;0,00;0,00;0,00;85,00;;"ECAFILBEST";;"ECAFILBEST";1762,29;2044,00;311,72;;;;;
"A5.FIL.282.B10DIF";"77%CO + 23%PA";"FILPA1974";-1;8950161;"A5.FIL.282.B10";8950159;"Toy nm8400";"DIF";22,55;600,00;22,55;600,00;22,55;600,00;;;;0,00;-2,45;"A5.FIL.282";"B10";0,00;0,00;0,00;-3,39;0,00;0,00;;"FILPA1974";37;;;;;;;37,00;;25,00;0,00;0,00;0,00;25,00;25,00;;37,00;0,00;0,00;0,00;37,00;37,00;"FILPA1974";;"FILPA1974";37,00;37,00;;;;;;
"A5.FIL.282.Y67DIF";"77%CO + 23%PA";"FILPA1974";-1;8950167;"A5.FIL.282.Y67";8950159;"Toy nm8400";"DIF";11,06;600,00;11,06;600,00;11,06;600,00;;;;0,00;-0,94;"A5.FIL.282";"Y67";0,00;0,00;0,00;-3,39;0,00;0,00;;"FILPA1974";37;;;;;;;37,00;;12,00;0,00;0,00;0,00;12,00;12,00;;37,00;0,00;0,00;0,00;37,00;37,00;"FILPA1974";;"FILPA1974";37,00;37,00;;;;;;
"A5.FIL.284.E66ECR";"100%WS";"LINSIEME";-1;8952297;"A5.FIL.284.E66";8952295;"Lord nm2/18";"ECR";97,40;312,00;97,40;312,00;97,40;312,00;;;;0,00;-2,60;"A5.FIL.284";"E66";77,00;0,00;0,00;-3,26;0,70;0,00;;"LINSIEME";260;;;;;;;260,00;;100,00;0,00;0,00;0,00;100,00;100,00;77,70;260,00;0,00;0,00;0,00;260,00;182,30;"LINSIEME";;"LINSIEME";182,30;260,00;77,70;;;;;
"A5.FIL.284.N98ECR";"100%WS";"LINSIEME";-1;8952298;"A5.FIL.284.N98";8952295;"Lord nm2/18";"ECR";89,19;285,00;89,19;285,00;89,19;285,00;77,00;;;0,70;-0,10;"A5.FIL.284";"N98";77,00;0,00;0,00;-3,26;0,70;0,00;;"LINSIEME";260;;;;;;;260,00;77,70;90,00;0,00;0,00;0,00;90,00;12,30;77,70;260,00;0,00;0,00;0,00;260,00;182,30;"LINSIEME";;"LINSIEME";182,30;260,00;77,70;;;;;
"A5.FIL.284.UB2ECR";"100%WS";"LINSIEME";-1;8952299;"A5.FIL.284.UB2";8952295;"Lord nm2/18";"ECR";69,45;223,00;69,45;223,00;69,45;223,00;;;;0,00;-0,55;"A5.FIL.284";"UB2";77,00;0,00;0,00;-3,26;0,70;0,00;;"LINSIEME";260;;;;;;;260,00;;70,00;0,00;0,00;0,00;70,00;70,00;77,70;260,00;0,00;0,00;0,00;260,00;182,30;"LINSIEME";;"LINSIEME";182,30;260,00;77,70;;;;;
"A5.FIL.301.B58DIF";"40%PC + 32%PL + 19%WM + 7%WO + 2%EA";"LAGOPOLANE";-1;8961480;"A5.FIL.301.B58";8961478;"M3x2+Pay nm 1/2500";"DIF";543,37;1500,00;543,37;1500,00;543,37;1500,00;26,00;;;0,00;-1,63;"A5.FIL.301";"B58";52,00;0,00;0,00;-4,26;0,00;0,00;;"LAGOPOLANE";1105;;;;;;;1105,00;;545,00;0,00;0,00;0,00;545,00;545,00;;1105,00;0,00;0,00;0,00;1105,00;1105,00;"LAGOPOLANE";;"LAGOPOLANE";1146,00;1316,00;173,70;;;;;
"A5.FIL.301.M08DIF";"40%PC + 32%PL + 19%WM + 7%WO + 2%EA";"LAGOPOLANE";-1;8961481;"A5.FIL.301.M08";8961478;"M3x2+Pay nm 1/2500";"DIF";129,44;500,00;129,44;500,00;129,44;500,00;;;;0,00;-0,56;"A5.FIL.301";"M08";52,00;0,00;0,00;-4,26;0,00;0,00;;"LAGOPOLANE";1105;;;;;;;1105,00;;130,00;0,00;0,00;0,00;130,00;130,00;;1105,00;0,00;0,00;0,00;1105,00;1105,00;"LAGOPOLANE";;"LAGOPOLANE";1146,00;1316,00;173,70;;;;;
"A5.FIL.301.W58DIF";"40%PC + 32%PL + 19%WM + 7%WO + 2%EA";"LAGOPOLANE";-1;8961483;"A5.FIL.301.W58";8961478;"M3x2+Pay nm 1/2500";"DIF";427,94;1500,00;427,94;1500,00;427,94;1500,00;26,00;;;0,00;-2,07;"A5.FIL.301";"W58";52,00;0,00;0,00;-4,26;0,00;0,00;;"LAGOPOLANE";1105;;;;;;;1105,00;;430,00;0,00;0,00;0,00;430,00;430,00;;1105,00;0,00;0,00;0,00;1105,00;1105,00;"LAGOPOLANE";;"LAGOPOLANE";1146,00;1316,00;173,70;;;;;
"A5.FIL.307.EA4DIF";"100%WO";"IGEASPA";-1;8965385;"A5.FIL.307.EA4";8964621;"Aquila nm2/48";"DIF";157,58;800,00;157,58;800,00;157,58;800,00;;;;0,00;-2,42;"A5.FIL.307";"EA4";0,00;0,00;0,00;-7,33;0,00;0,00;;"IGEASPA";483;;;;;;;483,00;;160,00;0,00;0,00;0,00;160,00;160,00;;483,00;0,00;0,00;0,00;483,00;483,00;"IGEASPA";;"IGEASPA";1311,00;1629,00;323,60;;;;;
"A5.FIL.307.N98DIF";"100%WO";"IGEASPA";-1;8965386;"A5.FIL.307.N98";8964621;"Aquila nm2/48";"DIF";157,58;800,00;157,58;800,00;157,58;800,00;;;;0,00;-2,42;"A5.FIL.307";"N98";0,00;0,00;0,00;-7,33;0,00;0,00;;"IGEASPA";483;;;;;;;483,00;;160,00;0,00;0,00;0,00;160,00;160,00;;483,00;0,00;0,00;0,00;483,00;483,00;"IGEASPA";;"IGEASPA";1311,00;1629,00;323,60;;;;;
"A5.FIL.307.R88DIF";"100%WO";"IGEASPA";-1;8965387;"A5.FIL.307.R88";8964621;"Aquila nm2/48";"DIF";118,17;600,00;118,17;600,00;118,17;600,00;;;;0,00;-1,83;"A5.FIL.307";"R88";0,00;0,00;0,00;-7,33;0,00;0,00;;"IGEASPA";483;;;;;;;483,00;;120,00;0,00;0,00;0,00;120,00;120,00;;483,00;0,00;0,00;0,00;483,00;483,00;"IGEASPA";;"IGEASPA";1311,00;1629,00;323,60;;;;;
"A5.FIL.307.U56DIF";"100%WO";"IGEASPA";-1;8965388;"A5.FIL.307.U56";8964621;"Aquila nm2/48";"DIF";42,34;600,00;42,34;600,00;42,34;600,00;;;;0,00;-0,66;"A5.FIL.307";"U56";0,00;0,00;0,00;-7,33;0,00;0,00;;"IGEASPA";483;;;;;;;483,00;;43,00;0,00;0,00;0,00;43,00;43,00;;483,00;0,00;0,00;0,00;483,00;483,00;"IGEASPA";;"IGEASPA";1311,00;1629,00;323,60;;;;;
"A5.FIL.501.BBGDIF";"62%VI + 38%PL";"YARNSCOLORS";-1;8965924;"A5.FIL.501.BBG";8965923;"Athena C3003 nm2/68";"DIF";179,99;500,00;179,99;500,00;179,99;500,00;;;;0,00;-3,01;"A5.FIL.501";"BBG";0,00;0,00;0,00;-9,03;0,00;0,00;;"YARNSCOLORS";549;;;;;;;549,00;;183,00;0,00;0,00;0,00;183,00;183,00;;549,00;0,00;0,00;0,00;549,00;549,00;"YARNSCOLORS";;"YARNSCOLORS";8922,00;8922,00;;;;;;
"A5.FIL.501.E69DIF";"62%VI + 38%PL";"YARNSCOLORS";-1;8965925;"A5.FIL.501.E69";8965923;"Athena C3003 nm2/68";"DIF";179,99;500,00;179,99;500,00;179,99;500,00;;;;0,00;-3,01;"A5.FIL.501";"E69";0,00;0,00;0,00;-9,03;0,00;0,00;;"YARNSCOLORS";549;;;;;;;549,00;;183,00;0,00;0,00;0,00;183,00;183,00;;549,00;0,00;0,00;0,00;549,00;549,00;"YARNSCOLORS";;"YARNSCOLORS";8922,00;8922,00;;;;;;
"A5.FIL.501.N99DIF";"62%VI + 38%PL";"YARNSCOLORS";-1;8965926;"A5.FIL.501.N99";8965923;"Athena C3003 nm2/68";"DIF";179,99;500,00;179,99;500,00;179,99;500,00;;;;0,00;-3,01;"A5.FIL.501";"N99";0,00;0,00;0,00;-9,03;0,00;0,00;;"YARNSCOLORS";549;;;;;;;549,00;;183,00;0,00;0,00;0,00;183,00;183,00;;549,00;0,00;0,00;0,00;549,00;549,00;"YARNSCOLORS";;"YARNSCOLORS";8922,00;8922,00;;;;;;
"A5.FIL.502.BB2IBL";"72%VI + 28%PL";"YARNSCOLORS";-1;8990159;"A5.FIL.502.BB2";8842805;"Snowy C2795 nm2/50";"IBL";72,38;771,00;72,93;758,00;54,62;542,00;;;;0,00;27,93;"A5.FIL.502";"BB2";10,46;0,00;2,80;521,89;5,57;0,00;;"YARNSCOLORS";1520;"YARNS-COLORS EURO";12;;;;;1520,00;;45,00;0,00;0,00;0,00;45,00;45,00;;1520,00;0,00;0,00;0,00;1520,00;1520,00;"YARNSCOLORS";;"YARNSCOLORS";8922,00;8922,00;;19,31;25,09;25,93;19,31;25,93
"A5.FIL.502.GBAIBL";"72%VI + 28%PL";"YARNSCOLORS";-1;8990160;"A5.FIL.502.GBA";8842805;"Snowy C2795 nm2/50";"IBL";74,43;345,00;74,96;346,00;53,09;251,00;;;;0,00;29,96;"A5.FIL.502";"GBA";10,46;0,00;2,80;521,89;5,57;0,00;;"YARNSCOLORS";1520;"YARNS-COLORS EURO";12;;;;;1520,00;;45,00;0,00;0,00;0,00;45,00;45,00;;1520,00;0,00;0,00;0,00;1520,00;1520,00;"YARNSCOLORS";;"YARNSCOLORS";8922,00;8922,00;;11,34;12,10;11,91;11,34;11,91
"A5.FIL.502.I8EIBL";"72%VI + 28%PL";"YARNSCOLORS";-1;8990162;"A5.FIL.502.I8E";8842805;"Snowy C2795 nm2/50";"IBL";14,18;89,00;14,82;93,00;11,79;74,00;;;;0,00;14,82;"A5.FIL.502";"I8E";10,46;0,00;2,80;521,89;5,57;0,00;;"YARNSCOLORS";1520;"YARNS-COLORS EURO";12;;;;;1520,00;;0,00;0,00;0,00;0,00;0,00;;;1520,00;0,00;0,00;0,00;1520,00;1520,00;"YARNSCOLORS";;"YARNSCOLORS";8922,00;8922,00;;4,66;4,66;4,66;4,66;4,66
"A5.FIL.502.KH8IBL";"72%VI + 28%PL";"YARNSCOLORS";-1;8990163;"A5.FIL.502.KH8";8842805;"Snowy C2795 nm2/50";"IBL";239,30;816,00;231,43;791,00;148,07;514,00;;;;0,00;81,43;"A5.FIL.502";"KH8";10,46;0,00;2,80;521,89;5,57;0,00;;"YARNSCOLORS";1520;"YARNS-COLORS EURO";12;;;;;1520,00;;150,00;0,00;0,00;0,00;150,00;150,00;;1520,00;0,00;0,00;0,00;1520,00;1520,00;"YARNSCOLORS";;"YARNSCOLORS";8922,00;8922,00;;0,05;0,05;0,05;0,05;0,05
"A5.FIL.502.MG4IBL";"72%VI + 28%PL";"YARNSCOLORS";-1;8990164;"A5.FIL.502.MG4";8842805;"Snowy C2795 nm2/50";"IBL";32,82;251,00;32,52;249,00;23,97;181,00;;;;0,00;2,52;"A5.FIL.502";"MG4";10,46;0,00;2,80;521,89;5,57;0,00;;"YARNSCOLORS";1520;"YARNS-COLORS EURO";12;;;;;1520,00;;30,00;0,00;0,00;0,00;30,00;30,00;;1520,00;0,00;0,00;0,00;1520,00;1520,00;"YARNSCOLORS";;"YARNSCOLORS";8922,00;8922,00;;7,18;7,18;7,18;7,18;7,18
"A5.FIL.502.N99IBL";"72%VI + 28%PL";"YARNSCOLORS";-1;8990165;"A5.FIL.502.N99";8842805;"Snowy C2795 nm2/50";"IBL";361,24;1242,00;351,73;1213,00;250,40;861,00;;;;0,00;51,73;"A5.FIL.502";"N99";10,46;0,00;2,80;521,89;5,57;0,00;;"YARNSCOLORS";1520;"YARNS-COLORS EURO";12;;;;;1520,00;;300,00;0,00;0,00;0,00;300,00;300,00;;1520,00;0,00;0,00;0,00;1520,00;1520,00;"YARNSCOLORS";;"YARNSCOLORS";8922,00;8922,00;;;;;;
"A5.FIL.502.NA2IBL";"72%VI + 28%PL";"YARNSCOLORS";-1;8990166;"A5.FIL.502.NA2";8842805;"Snowy C2795 nm2/50";"IBL";50,45;183,00;50,26;182,00;34,77;126,00;;;;0,00;20,26;"A5.FIL.502";"NA2";10,46;0,00;2,80;521,89;5,57;0,00;;"YARNSCOLORS";1520;"YARNS-COLORS EURO";12;;;;;1520,00;;30,00;0,00;0,00;0,00;30,00;30,00;;1520,00;0,00;0,00;0,00;1520,00;1520,00;"YARNSCOLORS";;"YARNSCOLORS";8922,00;8922,00;;;;;;
"A5.FIL.502.ND4IBL";"72%VI + 28%PL";"YARNSCOLORS";-1;8990167;"A5.FIL.502.ND4";8842805;"Snowy C2795 nm2/50";"IBL";53,95;165,00;58,32;179,00;40,71;125,00;;;;0,00;13,32;"A5.FIL.502";"ND4";10,46;0,00;2,80;521,89;5,57;0,00;;"YARNSCOLORS";1520;"YARNS-COLORS EURO";12;;;;;1520,00;;45,00;0,00;0,00;0,00;45,00;45,00;;1520,00;0,00;0,00;0,00;1520,00;1520,00;"YARNSCOLORS";;"YARNSCOLORS";8922,00;8922,00;;;;;;
"A5.FIL.502.RB6IBL";"72%VI + 28%PL";"YARNSCOLORS";-1;8990168;"A5.FIL.502.RB6";8842805;"Snowy C2795 nm2/50";"IBL";188,36;801,00;182,28;777,00;136,05;580,00;;;;0,00;32,28;"A5.FIL.502";"RB6";10,46;0,00;2,80;521,89;5,57;0,00;;"YARNSCOLORS";1520;"YARNS-COLORS EURO";12;;;;;1520,00;;150,00;0,00;0,00;0,00;150,00;150,00;;1520,00;0,00;0,00;0,00;1520,00;1520,00;"YARNSCOLORS";;"YARNSCOLORS";8922,00;8922,00;;22,14;31,32;33,12;22,14;33,12
"A5.FIL.502.RD1E1H";"72%VI + 28%PL";"YARNSCOLORS";-1;8842806;"A5.FIL.502.RD1";8842805;"Snowy C2795 nm2/50";"E1H";8,80;584,00;8,80;584,00;8,80;584,00;6,73;;;3,38;3,48;"A5.FIL.502";"RD1";10,46;0,00;2,80;521,89;5,57;0,00;;"YARNSCOLORS";1520;"YARNS-COLORS EURO";12;;;;;1520,00;;0,00;0,00;0,00;0,00;0,00;;;1520,00;0,00;0,00;0,00;1520,00;1520,00;"YARNSCOLORS";;"YARNSCOLORS";8922,00;8922,00;;1,57;1,57;1,57;1,57;1,57
"A5.FIL.502.REAIBL";"72%VI + 28%PL";"YARNSCOLORS";-1;8990169;"A5.FIL.502.REA";8842805;"Snowy C2795 nm2/50";"IBL";444,29;1477,00;434,04;1452,00;301,45;1017,00;;;;0,00;84,04;"A5.FIL.502";"REA";10,46;0,00;2,80;521,89;5,57;0,00;;"YARNSCOLORS";1520;"YARNS-COLORS EURO";12;;;;;1520,00;;350,00;0,00;0,00;0,00;350,00;350,00;;1520,00;0,00;0,00;0,00;1520,00;1520,00;"YARNSCOLORS";;"YARNSCOLORS";8922,00;8922,00;;8,37;10,66;10,53;8,37;10,53
"A5.FIL.502.SE2IBL";"72%VI + 28%PL";"YARNSCOLORS";-1;8990170;"A5.FIL.502.SE2";8842805;"Snowy C2795 nm2/50";"IBL";36,14;236,00;36,39;239,00;27,17;179,00;;;;0,00;6,39;"A5.FIL.502";"SE2";10,46;0,00;2,80;521,89;5,57;0,00;;"YARNSCOLORS";1520;"YARNS-COLORS EURO";12;;;;;1520,00;;30,00;0,00;0,00;0,00;30,00;30,00;;1520,00;0,00;0,00;0,00;1520,00;1520,00;"YARNSCOLORS";;"YARNSCOLORS";8922,00;8922,00;;9,79;12,48;12,32;9,79;12,32
"A5.FIL.502.UBBIBL";"72%VI + 28%PL";"YARNSCOLORS";-1;8990171;"A5.FIL.502.UBB";8842805;"Snowy C2795 nm2/50";"IBL";433,12;1788,00;425,86;1758,00;306,08;1266,00;;;;0,00;125,86;"A5.FIL.502";"UBB";10,46;0,00;2,80;521,89;5,57;0,00;;"YARNSCOLORS";1520;"YARNS-COLORS EURO";12;;;;;1520,00;;300,00;0,00;0,00;0,00;300,00;300,00;;1520,00;0,00;0,00;0,00;1520,00;1520,00;"YARNSCOLORS";;"YARNSCOLORS";8922,00;8922,00;;42,96;57,66;60,38;42,96;60,38
"A5.FIL.502.UE0E1H";"72%VI + 28%PL";"YARNSCOLORS";-1;8842807;"A5.FIL.502.UE0";8842805;"Snowy C2795 nm2/50";"E1H";5,63;374,00;5,63;374,00;5,63;374,00;3,73;;2,80;2,19;0,19;"A5.FIL.502";"UE0";10,46;0,00;2,80;521,89;5,57;0,00;;"YARNSCOLORS";1520;"YARNS-COLORS EURO";12;;;;;1520,00;;0,00;0,00;0,00;0,00;0,00;;;1520,00;0,00;0,00;0,00;1520,00;1520,00;"YARNSCOLORS";;"YARNSCOLORS";8922,00;8922,00;;1,74;1,74;1,74;1,74;1,74
"A5.FIL.502.ZD2IBL";"72%VI + 28%PL";"YARNSCOLORS";-1;8990172;"A5.FIL.502.ZD2";8842805;"Snowy C2795 nm2/50";"IBL";74,07;253,00;72,68;248,00;58,46;200,00;;;;0,00;27,68;"A5.FIL.502";"ZD2";10,46;0,00;2,80;521,89;5,57;0,00;;"YARNSCOLORS";1520;"YARNS-COLORS EURO";12;;;;;1520,00;;45,00;0,00;0,00;0,00;45,00;45,00;;1520,00;0,00;0,00;0,00;1520,00;1520,00;"YARNSCOLORS";;"YARNSCOLORS";8922,00;8922,00;;28,60;30,31;31,74;28,60;31,74
"A5.FIL.504.BA7WEP";"77%VI + 23%PL";"YARNSCOLORS";-1;8946704;"A5.FIL.504.BA7";8946701;"Zico CS3241 nm2/50";"WEP";608,63;4659,00;608,63;4659,00;608,63;4659,00;;;;0,00;-6,37;"A5.FIL.504";"BA7";0,00;0,00;0,00;-38,10;0,00;0,00;;"YARNSCOLORS";6057;;;;;;;6057,00;;615,00;0,00;0,00;0,00;615,00;615,00;;6057,00;0,00;0,00;0,00;6057,00;6057,00;"YARNSCOLORS";;"YARNSCOLORS";8922,00;8922,00;;461,73;461,73;461,73;461,73;461,73
"A5.FIL.504.E48DIF";"77%VI + 23%PL";"YARNSCOLORS";-1;8995128;"A5.FIL.504.E48";8946701;"Zico CS3241 nm2/50";"DIF";187,21;500,00;187,21;500,00;187,21;500,00;;;;0,00;-2,79;"A5.FIL.504";"E48";0,00;0,00;0,00;-38,10;0,00;0,00;;"YARNSCOLORS";6057;;;;;;;6057,00;;190,00;0,00;0,00;0,00;190,00;190,00;;6057,00;0,00;0,00;0,00;6057,00;6057,00;"YARNSCOLORS";;"YARNSCOLORS";8922,00;8922,00;;;;;;
"A5.FIL.504.EA3WEP";"77%VI + 23%PL";"YARNSCOLORS";-1;8946706;"A5.FIL.504.EA3";8946701;"Zico CS3241 nm2/50";"WEP";626,85;5295,00;626,85;5295,00;626,85;5295,00;;;;0,00;-3,16;"A5.FIL.504";"EA3";0,00;0,00;0,00;-38,10;0,00;0,00;;"YARNSCOLORS";6057;;;;;;;6057,00;;630,00;0,00;0,00;0,00;630,00;630,00;;6057,00;0,00;0,00;0,00;6057,00;6057,00;"YARNSCOLORS";;"YARNSCOLORS";8922,00;8922,00;;624,81;624,81;624,81;624,81;624,81
"A5.FIL.504.EF2WEP";"77%VI + 23%PL";"YARNSCOLORS";-1;8946707;"A5.FIL.504.EF2";8946701;"Zico CS3241 nm2/50";"WEP";188,46;537,00;188,46;537,00;188,46;537,00;;;;0,00;-7,54;"A5.FIL.504";"EF2";0,00;0,00;0,00;-38,10;0,00;0,00;;"YARNSCOLORS";6057;;;;;;;6057,00;;196,00;0,00;0,00;0,00;196,00;196,00;;6057,00;0,00;0,00;0,00;6057,00;6057,00;"YARNSCOLORS";;"YARNSCOLORS";8922,00;8922,00;;185,80;185,80;185,80;185,80;185,80
"A5.FIL.504.N99WEP";"77%VI + 23%PL";"YARNSCOLORS";-1;8946714;"A5.FIL.504.N99";8946701;"Zico CS3241 nm2/50";"WEP";990,89;7447,00;990,89;7447,00;990,89;7447,00;;;;0,00;-5,11;"A5.FIL.504";"N99";0,00;0,00;0,00;-38,10;0,00;0,00;;"YARNSCOLORS";6057;;;;;;;6057,00;;996,00;0,00;0,00;0,00;996,00;996,00;;6057,00;0,00;0,00;0,00;6057,00;6057,00;"YARNSCOLORS";;"YARNSCOLORS";8922,00;8922,00;;985,20;985,20;985,20;985,20;985,20
"A5.FIL.504.QB2WEP";"77%VI + 23%PL";"YARNSCOLORS";-1;8946716;"A5.FIL.504.QB2";8946701;"Zico CS3241 nm2/50";"WEP";498,59;1843,00;498,59;1843,00;498,59;1843,00;;;;0,00;-1,41;"A5.FIL.504";"QB2";0,00;0,00;0,00;-38,10;0,00;0,00;;"YARNSCOLORS";6057;;;;;;;6057,00;;500,00;0,00;0,00;0,00;500,00;500,00;;6057,00;0,00;0,00;0,00;6057,00;6057,00;"YARNSCOLORS";;"YARNSCOLORS";8922,00;8922,00;;498,31;498,31;498,31;498,31;498,31
"A5.FIL.504.SF6WEP";"77%VI + 23%PL";"YARNSCOLORS";-1;8946720;"A5.FIL.504.SF6";8946701;"Zico CS3241 nm2/50";"WEP";1824,16;6717,00;1824,16;6717,00;1824,16;6717,00;;;;0,00;-5,84;"A5.FIL.504";"SF6";0,00;0,00;0,00;-38,10;0,00;0,00;;"YARNSCOLORS";6057;;;;;;;6057,00;;1830,00;0,00;0,00;0,00;1830,00;1830,00;;6057,00;0,00;0,00;0,00;6057,00;6057,00;"YARNSCOLORS";;"YARNSCOLORS";8922,00;8922,00;;1816,66;1816,66;1816,66;1816,66;1816,66
"A5.FIL.504.UC0WEP";"77%VI + 23%PL";"YARNSCOLORS";-1;8946721;"A5.FIL.504.UC0";8946701;"Zico CS3241 nm2/50";"WEP";906,92;5168,00;906,92;5168,00;906,92;5168,00;;;;0,00;-3,09;"A5.FIL.504";"UC0";0,00;0,00;0,00;-38,10;0,00;0,00;;"YARNSCOLORS";6057;;;;;;;6057,00;;910,00;0,00;0,00;0,00;910,00;910,00;;6057,00;0,00;0,00;0,00;6057,00;6057,00;"YARNSCOLORS";;"YARNSCOLORS";8922,00;8922,00;;;;;;
"A5.FIL.504.UD9DIF";"77%VI + 23%PL";"YARNSCOLORS";-1;8995129;"A5.FIL.504.UD9";8946701;"Zico CS3241 nm2/50";"DIF";187,21;500,00;187,21;500,00;187,21;500,00;;;;0,00;-2,79;"A5.FIL.504";"UD9";0,00;0,00;0,00;-38,10;0,00;0,00;;"YARNSCOLORS";6057;;;;;;;6057,00;;190,00;0,00;0,00;0,00;190,00;190,00;;6057,00;0,00;0,00;0,00;6057,00;6057,00;"YARNSCOLORS";;"YARNSCOLORS";8922,00;8922,00;;;;;;
"A5.FIL.509.N99MP1";"65%VI + 35%PA";"YARNSCOLORS";-1;8940515;"A5.FIL.509.N99";8940513;"Tiny FSC nm1/24";"MP1";53,87;306,00;53,87;306,00;53,87;306,00;;;;0,00;-2,13;"A5.FIL.509";"N99";0,00;0,00;0,00;-2,13;0,00;0,00;;"YARNSCOLORS";56;;;;;;;56,00;;56,00;0,00;0,00;0,00;56,00;56,00;;56,00;0,00;0,00;0,00;56,00;56,00;"YARNSCOLORS";;"YARNSCOLORS";8922,00;8922,00;;54,77;54,77;54,77;53,87;53,87
"A5.FIL.516.EA6MS1";"100%CO";"YARNSCOLORS";-1;8903841;"A5.FIL.516.EA6";8903840;"Vella II C6328 nm 4/101";"MS1";354,26;1675,00;354,26;1675,00;354,26;1675,00;;;;0,00;-5,74;"A5.FIL.516";"EA6";0,00;0,00;9,59;-5,61;0,00;2,00;;"YARNSCOLORS";740;;;;;;;740,00;;360,00;0,00;0,00;0,00;360,00;360,00;;740,00;0,00;0,00;0,00;740,00;740,00;"YARNSCOLORS";;"YARNSCOLORS";8922,00;8922,00;;349,72;349,72;349,72;349,72;349,72
"A5.FIL.516.N99MS1";"100%CO";"YARNSCOLORS";-1;8903844;"A5.FIL.516.N99";8903840;"Vella II C6328 nm 4/101";"MS1";389,72;1675,00;389,72;1675,00;389,72;1675,00;;;9,59;0,00;0,13;"A5.FIL.516";"N99";0,00;0,00;9,59;-5,61;0,00;2,00;2,00;"YARNSCOLORS";740;;;;;;;740,00;;380,00;0,00;0,00;0,00;380,00;380,00;;740,00;0,00;0,00;0,00;740,00;740,00;"YARNSCOLORS";;"YARNSCOLORS";8922,00;8922,00;;384,51;384,51;384,51;384,51;384,51
"A5.FIL.590.BC8DIF";"51%VI + 31%PL + 18%PA";"YARNS-COLORS EURO";-1;8965928;"A5.FIL.590.BC8";8965927;"SKY C9899-AZ nm 2/48000";"DIF";229,82;500,00;229,82;500,00;229,82;500,00;229,82;;6,30;0,00;-2,08;"A5.FIL.590";"BC8";459,64;0,00;12,80;-3,76;0,00;0,00;;"YARNS-COLORS EURO";462;;;;;;;462,00;231,90;231,00;0,00;0,00;0,00;231,00;;463,40;462,00;0,00;0,00;0,00;462,00;;"YARNS-COLORS EURO";;"YARNS-COLORS EURO";;462,00;463,40;;;;;
"A5.FIL.590.N99DIF";"51%VI + 31%PL + 18%PA";"YARNS-COLORS EURO";-1;8965929;"A5.FIL.590.N99";8965927;"SKY C9899-AZ nm 2/48000";"DIF";229,82;500,00;229,82;500,00;229,82;500,00;229,82;;6,50;0,00;-1,68;"A5.FIL.590";"N99";459,64;0,00;12,80;-3,76;0,00;0,00;;"YARNS-COLORS EURO";462;;;;;;;462,00;231,50;231,00;0,00;0,00;0,00;231,00;;463,40;462,00;0,00;0,00;0,00;462,00;;"YARNS-COLORS EURO";;"YARNS-COLORS EURO";;462,00;463,40;;;;;
"A5.FIL.601.B20MMF";"100%WV";"XINAO";-1;8885845;"A5.FIL.601.B20";8883727;"Empire nm2/60";"MMF";211,36;1784,00;211,36;1784,00;211,36;1784,00;178,78;;17,75;2,45;6,49;"A5.FIL.601";"B20";691,91;0,00;222,05;1,72;21,16;0,00;;"XINAO";1222;;;;;;;1222,00;199,97;215,00;0,00;0,00;0,00;215,00;7,35;927,03;1222,00;0,00;0,00;0,00;1222,00;289,35;"XINAO";;"XINAO";289,35;1222,00;927,03;89,02;89,02;89,02;89,02;89,02
"A5.FIL.601.EC7MMF";"100%WV";"XINAO";-1;8885846;"A5.FIL.601.EC7";8883727;"Empire nm2/60";"MMF";99,96;864,00;99,96;864,00;99,96;864,00;;;75,05;0,00;-6,09;"A5.FIL.601";"EC7";691,91;0,00;222,05;1,72;21,16;0,00;;"XINAO";1222;;;;;;;1222,00;76,05;105,00;0,00;0,00;0,00;105,00;30,00;927,03;1222,00;0,00;0,00;0,00;1222,00;289,35;"XINAO";;"XINAO";289,35;1222,00;927,03;15,36;15,36;15,36;15,36;15,36
"A5.FIL.601.ED2MMF";"100%WV";"XINAO";-1;8885847;"A5.FIL.601.ED2";8883727;"Empire nm2/60";"MMF";10,47;132,00;10,47;132,00;10,47;132,00;;;;0,00;-1,53;"A5.FIL.601";"ED2";691,91;0,00;222,05;1,72;21,16;0,00;;"XINAO";1222;;;;;;;1222,00;;12,00;0,00;0,00;0,00;12,00;12,00;927,03;1222,00;0,00;0,00;0,00;1222,00;289,35;"XINAO";;"XINAO";289,35;1222,00;927,03;7,69;7,69;7,69;7,69;7,69
"A5.FIL.601.M67MMF";"100%WV";"XINAO";-1;8885848;"A5.FIL.601.M67";8883727;"Empire nm2/60";"MMF";209,57;1915,00;209,57;1915,00;209,57;1915,00;;;100,74;0,00;-7,17;"A5.FIL.601";"M67";691,91;0,00;222,05;1,72;21,16;0,00;;"XINAO";1222;;;;;;;1222,00;101,74;215,00;0,00;0,00;0,00;215,00;115,00;927,03;1222,00;0,00;0,00;0,00;1222,00;289,35;"XINAO";;"XINAO";289,35;1222,00;927,03;45,14;45,14;45,14;45,14;45,14
"A5.FIL.601.N99MMF";"100%WV";"XINAO";-1;8883728;"A5.FIL.601.N99";8883727;"Empire nm2/60";"MMF";499,57;4627,00;499,57;4627,00;499,57;4627,00;471,26;;23,63;16,08;11,74;"A5.FIL.601";"N99";691,91;0,00;222,05;1,72;21,16;0,00;;"XINAO";1222;;;;;;;1222,00;498,91;505,00;0,00;0,00;0,00;505,00;5,00;927,03;1222,00;0,00;0,00;0,00;1222,00;289,35;"XINAO";;"XINAO";289,35;1222,00;927,03;493,83;493,83;493,83;493,83;493,83
"A5.FIL.601.UC1MMF";"100%WV";"XINAO";-1;8885850;"A5.FIL.601.UC1";8883727;"Empire nm2/60";"MMF";78,33;893,00;78,33;893,00;78,33;893,00;41,87;;4,88;2,62;0,58;"A5.FIL.601";"UC1";691,91;0,00;222,05;1,72;21,16;0,00;;"XINAO";1222;;;;;;;1222,00;50,36;80,00;0,00;0,00;0,00;80,00;30,00;927,03;1222,00;0,00;0,00;0,00;1222,00;289,35;"XINAO";;"XINAO";289,35;1222,00;927,03;5,49;5,49;5,49;5,49;5,49
"A5.FIL.601.W80MMF";"100%WV";"XINAO";-1;8885851;"A5.FIL.601.W80";8883727;"Empire nm2/60";"MMF";87,68;767,00;87,68;767,00;87,68;767,00;;;;0,00;-2,32;"A5.FIL.601";"W80";691,91;0,00;222,05;1,72;21,16;0,00;;"XINAO";1222;;;;;;;1222,00;;90,00;0,00;0,00;0,00;90,00;90,00;927,03;1222,00;0,00;0,00;0,00;1222,00;289,35;"XINAO";;"XINAO";289,35;1222,00;927,03;34,28;34,28;34,28;34,28;34,28
"A5.FIL.607.D32MIB";"67%PA + 33%MZ";"SHI-KWAN";-1;8940325;"A5.FIL.607.D32";8940323;"Stardust nm1/200";"MIB";347,91;2189,00;347,91;2189,00;347,91;2189,00;205,87;;;0,43;-2,95;"A5.FIL.607";"D32";205,87;0,00;0,00;-7,45;0,43;0,00;;"SHI-KWAN";410;;;;;;;410,00;206,30;345,00;0,00;0,00;0,00;345,00;145,00;206,30;410,00;0,00;0,00;0,00;410,00;210,00;"SHI-KWAN";;"SHI-KWAN";210,00;410,00;206,30;339,94;339,94;339,94;339,94;339,94
"A5.FIL.607.EF2MIB";"67%PA + 33%MZ";"SHI-KWAN";-1;8940326;"A5.FIL.607.EF2";8940323;"Stardust nm1/200";"MIB";21,36;149,00;21,36;149,00;21,36;149,00;;;;0,00;-3,64;"A5.FIL.607";"EF2";205,87;0,00;0,00;-7,45;0,43;0,00;;"SHI-KWAN";410;;;;;;;410,00;;25,00;0,00;0,00;0,00;25,00;25,00;206,30;410,00;0,00;0,00;0,00;410,00;210,00;"SHI-KWAN";;"SHI-KWAN";210,00;410,00;206,30;20,64;20,64;20,64;20,64;20,64
"A5.FIL.607.N99MIB";"67%PA + 33%MZ";"SHI-KWAN";-1;8940327;"A5.FIL.607.N99";8940323;"Stardust nm1/200";"MIB";39,14;260,00;39,14;260,00;39,14;260,00;;;;0,00;-0,86;"A5.FIL.607";"N99";205,87;0,00;0,00;-7,45;0,43;0,00;;"SHI-KWAN";410;;;;;;;410,00;;40,00;0,00;0,00;0,00;40,00;40,00;206,30;410,00;0,00;0,00;0,00;410,00;210,00;"SHI-KWAN";;"SHI-KWAN";210,00;410,00;206,30;;;;;
"A5.FIL.614.B20MS1";"100%WO";"NINGXIAXINAO";-1;8927582;"A5.FIL.614.B20";8927581;"Pure nm2/36";"MS1";1134,13;2043,00;1134,13;2043,00;1134,13;2043,00;;;;0,00;-5,87;"A5.FIL.614";"B20";0,00;0,00;0,00;-19,53;0,00;0,00;;"NINGXIAXINAO";2425;;;;;;;2425,00;;1140,00;0,00;0,00;0,00;1140,00;1140,00;;2425,00;0,00;0,00;0,00;2425,00;2425,00;"NINGXIAXINAO";;"NINGXIAXINAO";2425,00;2425,00;;1141,56;1141,56;1141,56;1134,13;1134,13
"A5.FIL.614.E69MS1";"100%WO";"NINGXIAXINAO";-1;8927583;"A5.FIL.614.E69";8927581;"Pure nm2/36";"MS1";523,16;1183,00;523,16;1183,00;523,16;1183,00;;;;0,00;-6,84;"A5.FIL.614";"E69";0,00;0,00;0,00;-19,53;0,00;0,00;;"NINGXIAXINAO";2425;;;;;;;2425,00;;530,00;0,00;0,00;0,00;530,00;530,00;;2425,00;0,00;0,00;0,00;2425,00;2425,00;"NINGXIAXINAO";;"NINGXIAXINAO";2425,00;2425,00;;526,98;526,98;526,98;523,16;523,16
"A5.FIL.614.N54MS1";"100%WO";"NINGXIAXINAO";-1;8927585;"A5.FIL.614.N54";8927581;"Pure nm2/36";"MS1";606,05;1377,00;606,05;1377,00;606,05;1377,00;;;;0,00;-3,95;"A5.FIL.614";"N54";0,00;0,00;0,00;-19,53;0,00;0,00;;"NINGXIAXINAO";2425;;;;;;;2425,00;;610,00;0,00;0,00;0,00;610,00;610,00;;2425,00;0,00;0,00;0,00;2425,00;2425,00;"NINGXIAXINAO";;"NINGXIAXINAO";2425,00;2425,00;;607,25;607,25;607,25;606,05;606,05
"A5.FIL.614.UD9MS1";"100%WO";"NINGXIAXINAO";-1;8927589;"A5.FIL.614.UD9";8927581;"Pure nm2/36";"MS1";142,13;324,00;142,13;324,00;142,13;324,00;;;;0,00;-2,87;"A5.FIL.614";"UD9";0,00;0,00;0,00;-19,53;0,00;0,00;;"NINGXIAXINAO";2425;;;;;;;2425,00;;145,00;0,00;0,00;0,00;145,00;145,00;;2425,00;0,00;0,00;0,00;2425,00;2425,00;"NINGXIAXINAO";;"NINGXIAXINAO";2425,00;2425,00;;142,88;142,88;142,88;142,13;142,13
"A5.FIL.J01.B02MMFJ";"93%WV + 7%WS";"DONDISPA";-1;8858002;"A5.FIL.J01.B02";8858001;"FILATO x PROFUSO";"MMFJ";73,46;1682,00;73,46;1682,00;73,46;1682,00;;;;0,00;-2,54;"A5.FIL.J01";"B02";0,00;0,00;0,00;-2,54;0,00;0,00;;"DONDISPA";76;;;;;;;76,00;;76,00;0,00;0,00;0,00;76,00;76,00;;76,00;0,00;0,00;0,00;76,00;76,00;"DONDISPA";;"DONDISPA";76,00;76,00;;;;;;
"A5.FIL.J02.B02MMFJ";"62%VI + 38%PL";"YARNSCOLORS-MATP";-1;8927291;"A5.FIL.J02.B02";8865059;"Retro C9995 nm2/68";"MMFJ";35,34;1080,00;35,34;1080,00;35,34;1080,00;;;28,30;0,00;-4,96;"A5.FIL.J02";"B02";0,00;0,00;78,59;-22,10;0,00;1,10;1,10;"YARNSCOLORS-MATP";113;;;;;;;113,00;29,40;40,00;0,00;0,00;0,00;40,00;12,00;72,69;113,00;0,00;0,00;0,00;113,00;34,71;"YARNSCOLORS-MATP";;"YARNSCOLORS-MATP";34,71;113,00;72,69;;;;;
"A5.FIL.J02.H14MMFJ";"62%VI + 38%PL";"YARNSCOLORS-MATP";-1;8865061;"A5.FIL.J02.H14";8865059;"Retro C9995 nm2/68";"MMFJ";42,05;1183,00;42,05;1183,00;42,05;1183,00;;;43,29;0,00;-13,96;"A5.FIL.J02";"H14";0,00;0,00;78,59;-22,10;0,00;1,10;;"YARNSCOLORS-MATP";113;;;;;;;113,00;43,29;56,00;0,00;0,00;0,00;56,00;12,71;72,69;113,00;0,00;0,00;0,00;113,00;34,71;"YARNSCOLORS-MATP";;"YARNSCOLORS-MATP";34,71;113,00;72,69;;;;;
"A5.FIL.J02.N99MMFJ";"62%VI + 38%PL";"YARNSCOLORS-MATP";-1;8865062;"A5.FIL.J02.N99";8865059;"Retro C9995 nm2/68";"MMFJ";13,82;427,00;13,82;427,00;13,82;427,00;;;7,00;0,00;-3,18;"A5.FIL.J02";"N99";0,00;0,00;78,59;-22,10;0,00;1,10;;"YARNSCOLORS-MATP";113;;;;;;;113,00;;17,00;0,00;0,00;0,00;17,00;10,00;72,69;113,00;0,00;0,00;0,00;113,00;34,71;"YARNSCOLORS-MATP";;"YARNSCOLORS-MATP";34,71;113,00;72,69;;;;;
